"source","discipline","url","data_fields","license_access","caveat"
"SEC Financial Statement Data Sets","Accounting & finance","https://www.sec.gov/dera/data/financial-statement-data-sets.html","Company/fiscal period XBRL facts","Public download; verify SEC API and bulk usage terms","CIK-fiscal year; no CRSP/Compustat replacement guarantee"
"SEC Financial Statement and Notes Data Sets","Accounting & auditing","https://www.sec.gov/data-research/sec-markets-data/financial-statement-notes-data-sets","Tagged footnote XBRL facts and contexts","Public download; terms review","Map note tags and dimensions cautiously"
"SEC Company Facts / EDGAR API","Accounting & governance","https://www.sec.gov/search-filings/edgar-application-programming-interfaces","Company financial histories and filings","Public SEC API with fair-access policy","CIK/filing date; DEF 14A biographies unstructured"
"Notre Dame SRAF","Accounting NLP","https://sraf.nd.edu/","Loughran-McDonald finance dictionaries and research resources","Academic/noncommercial conditions; check per file","Text polarity/uncertainty benchmark"
"Analytext","Accounting NLP","https://www.analytext.com/","Preparsed SEC filing text sections and note topics","Some public downloads; some code purchasable","Verify individual download rights; do not claim all code free"
"USPTO / PatentsView","Innovation & finance","https://patentsview.org/download/data-download-tables","US patent grants/applications/assignee tables","Free public data; verify each release","Firm match via assignee crosswalk; timing and disambiguation"
"USPTO AI Patent Dataset","AI innovation","https://www.uspto.gov/ip-policy/economic-research/research-datasets","Patent-level AI classifications","Public research data; verify version","Measure patent AI presence, not complete company AI deployment"
"USPTO Trademark Case Files","Product innovation","https://www.uspto.gov/ip-policy/economic-research/research-datasets/trademark-case-files-dataset","Registered marks, filings, classes and owners","Public bulk data; check terms","Trademark classes proxy product innovation"
"Kenneth French Data Library","Asset pricing","https://mba.tuck.dartmouth.edu/pages/faculty/Ken.french/data_library.html","Market, size, value, profitability, investment and RF factor returns","Public academic financial factors","Not individual-stock returns"
"Damodaran Data","Corporate finance","https://pages.stern.nyu.edu/adamodar/New_Home_Page/datacurrent.html","Industry betas, WACC, cost of capital, country risk","Public aggregate spreadsheets; attribution and reuse restrictions","Industry benchmarks; not full firm-level panel"
"Hugging Face JobHop v2","Professional careers","https://huggingface.co/datasets/aida-ugent/JobHop","Pseudonymized dated career trajectories","HF card CC BY 4.0","No company/executive identity linkage"
"Hugging Face datasetmaster/resumes","Resume NLP","https://huggingface.co/datasets/datasetmaster/resumes","Merged synthetic and real resumes","Card MIT; underlying real data/PII verify","Exclude any identifying records from public mirrors"
"Hugging Face synthetic candidate matching","Skills NLP","https://huggingface.co/datasets/michaelozon/candidate-matching-synthetic","10K synthetic resumes; 2.5K jobs","Card MIT","Benchmark only; not empirical labour-market observations"
"Hugging Face Financial PhraseBank","Finance NLP","https://huggingface.co/datasets/takala/financial_phrasebank","4,840 annotated financial sentiment sentences","CC BY-NC-SA 3.0","Noncommercial share-alike; check derivatives"
"Hugging Face ProsusAI FinBERT","Financial NLP model","https://huggingface.co/ProsusAI/finbert","Finance sentiment pretrained model","Review model and training-data rights separately","Baseline financial tone model, not AI capability"
"Kaggle Resume Dataset","Professional careers","https://www.kaggle.com/datasets/snehaanbhawal/resume-dataset","Sample resumes with occupation labels","Public Kaggle listing; downstream rights and PII unresolved","Source resumes may include third-party source content"
"O*NET Database","Labour and skills","https://www.onetcenter.org/database.html","Occupation, tasks, abilities and skills","Free with O*NET citation/licensing terms","Occupation-level AI exposure, not identifiable firm employees"
"ESCO occupations and skills","Labour and skills","https://esco.ec.europa.eu/en/use-esco/download","EU occupation/skill classification crosswalk","Free downloadable taxonomy; verify attribution requirements","Link classifications across resume/career data"
"UK Companies House API","Governance","https://developer.company-information.service.gov.uk/","Company and officer appointments","Free access with registration/rate restrictions","Privacy and false identity matches need safeguards"
"ORCID Public API","Academia","https://info.orcid.org/documentation/integration-and-api-faq/","Public employment and qualification biographies","Free public fields only; privacy-sensitive","Selective self-reported academic profile coverage"
