cik,ticker,aliases,company,sector,subindustry,analysis,role,priority,sec_10k_2019_2025_verified,ai_capex_verified,historical_listing_verified,source_snapshot
0000947484,ACGL,,Arch Capital Group,Financials,Property & Casualty Insurance,EXCLUDED_FINANCIAL,FINANCIAL_OUT_OF_SCOPE,P2_GENERAL_SCREEN,NO,NO,NO,2026-10-09
0000004977,AFL,,Aflac,Financials,Life & Health Insurance,EXCLUDED_FINANCIAL,FINANCIAL_OUT_OF_SCOPE,P2_GENERAL_SCREEN,NO,NO,NO,2026-10-09
0000005272,AIG,,American International Group,Financials,Multi-line Insurance,EXCLUDED_FINANCIAL,FINANCIAL_OUT_OF_SCOPE,P2_GENERAL_SCREEN,NO,NO,NO,2026-10-09
0001267238,AIZ,,Assurant,Financials,Multi-line Insurance,EXCLUDED_FINANCIAL,FINANCIAL_OUT_OF_SCOPE,P2_GENERAL_SCREEN,NO,NO,NO,2026-10-09
0000354190,AJG,,Arthur J. Gallagher & Co.,Financials,Insurance Brokers,EXCLUDED_FINANCIAL,FINANCIAL_OUT_OF_SCOPE,P2_GENERAL_SCREEN,NO,NO,NO,2026-10-09
0000899051,ALL,,Allstate,Financials,Property & Casualty Insurance,EXCLUDED_FINANCIAL,FINANCIAL_OUT_OF_SCOPE,P2_GENERAL_SCREEN,NO,NO,NO,2026-10-09
0000820027,AMP,,Ameriprise Financial,Financials,Asset Management & Custody Banks,EXCLUDED_FINANCIAL,FINANCIAL_OUT_OF_SCOPE,P2_GENERAL_SCREEN,NO,NO,NO,2026-10-09
0000315293,AON,,Aon plc,Financials,Insurance Brokers,EXCLUDED_FINANCIAL,FINANCIAL_OUT_OF_SCOPE,P2_GENERAL_SCREEN,NO,NO,NO,2026-10-09
0001858681,APO,,Apollo Global Management,Financials,Asset Management & Custody Banks,EXCLUDED_FINANCIAL,FINANCIAL_OUT_OF_SCOPE,P2_GENERAL_SCREEN,NO,NO,NO,2026-10-09
0001176948,ARES,,Ares Management,Financials,Asset Management & Custody Banks,EXCLUDED_FINANCIAL,FINANCIAL_OUT_OF_SCOPE,P2_GENERAL_SCREEN,NO,NO,NO,2026-10-09
0000004962,AXP,,American Express,Financials,Consumer Finance,EXCLUDED_FINANCIAL,FINANCIAL_OUT_OF_SCOPE,P2_GENERAL_SCREEN,NO,NO,NO,2026-10-09
0000070858,BAC,,Bank of America,Financials,Diversified Banks,EXCLUDED_FINANCIAL,FINANCIAL_OUT_OF_SCOPE,P2_GENERAL_SCREEN,NO,NO,NO,2026-10-09
0000038777,BEN,,Franklin Resources,Financials,Asset Management & Custody Banks,EXCLUDED_FINANCIAL,FINANCIAL_OUT_OF_SCOPE,P2_GENERAL_SCREEN,NO,NO,NO,2026-10-09
0002012383,BLK,,BlackRock,Financials,Asset Management & Custody Banks,EXCLUDED_FINANCIAL,FINANCIAL_OUT_OF_SCOPE,P2_GENERAL_SCREEN,NO,NO,NO,2026-10-09
0001390777,BNY,,BNY Mellon,Financials,Asset Management & Custody Banks,EXCLUDED_FINANCIAL,FINANCIAL_OUT_OF_SCOPE,P2_GENERAL_SCREEN,NO,NO,NO,2026-10-09
0001067983,BRK.B,,Berkshire Hathaway,Financials,Multi-Sector Holdings,EXCLUDED_FINANCIAL,FINANCIAL_OUT_OF_SCOPE,P2_GENERAL_SCREEN,NO,NO,NO,2026-10-09
0000079282,BRO,,Brown & Brown,Financials,Insurance Brokers,EXCLUDED_FINANCIAL,FINANCIAL_OUT_OF_SCOPE,P2_GENERAL_SCREEN,NO,NO,NO,2026-10-09
0001393818,BX,,Blackstone Inc.,Financials,Asset Management & Custody Banks,EXCLUDED_FINANCIAL,FINANCIAL_OUT_OF_SCOPE,P2_GENERAL_SCREEN,NO,NO,NO,2026-10-09
0000831001,C,,Citigroup,Financials,Diversified Banks,EXCLUDED_FINANCIAL,FINANCIAL_OUT_OF_SCOPE,P2_GENERAL_SCREEN,NO,NO,NO,2026-10-09
0000896159,CB,,Chubb Limited,Financials,Property & Casualty Insurance,EXCLUDED_FINANCIAL,FINANCIAL_OUT_OF_SCOPE,P2_GENERAL_SCREEN,NO,NO,NO,2026-10-09
0001374310,CBOE,,Cboe Global Markets,Financials,Financial Exchanges & Data,EXCLUDED_FINANCIAL,FINANCIAL_OUT_OF_SCOPE,P2_GENERAL_SCREEN,NO,NO,NO,2026-10-09
0000759944,CFG,,Citizens Financial Group,Financials,Regional Banks,EXCLUDED_FINANCIAL,FINANCIAL_OUT_OF_SCOPE,P2_GENERAL_SCREEN,NO,NO,NO,2026-10-09
0000020286,CINF,,Cincinnati Financial,Financials,Property & Casualty Insurance,EXCLUDED_FINANCIAL,FINANCIAL_OUT_OF_SCOPE,P2_GENERAL_SCREEN,NO,NO,NO,2026-10-09
0001156375,CME,,CME Group,Financials,Financial Exchanges & Data,EXCLUDED_FINANCIAL,FINANCIAL_OUT_OF_SCOPE,P2_GENERAL_SCREEN,NO,NO,NO,2026-10-09
0000927628,COF,,Capital One,Financials,Consumer Finance,EXCLUDED_FINANCIAL,FINANCIAL_OUT_OF_SCOPE,P2_GENERAL_SCREEN,NO,NO,NO,2026-10-09
0001679788,COIN,,Coinbase,Financials,Financial Exchanges & Data,EXCLUDED_FINANCIAL,FINANCIAL_OUT_OF_SCOPE,P2_GENERAL_SCREEN,NO,NO,NO,2026-10-09
0001175454,CPAY,,Corpay,Financials,Transaction & Payment Processing Services,EXCLUDED_FINANCIAL,FINANCIAL_OUT_OF_SCOPE,P2_GENERAL_SCREEN,NO,NO,NO,2026-10-09
0001095073,EG,,Everest Group,Financials,Reinsurance,EXCLUDED_FINANCIAL,FINANCIAL_OUT_OF_SCOPE,P2_GENERAL_SCREEN,NO,NO,NO,2026-10-09
0000922621,ERIE,,Erie Indemnity,Financials,Insurance Brokers,EXCLUDED_FINANCIAL,FINANCIAL_OUT_OF_SCOPE,P2_GENERAL_SCREEN,NO,NO,NO,2026-10-09
0001013237,FDS,,FactSet,Financials,Financial Exchanges & Data,EXCLUDED_FINANCIAL,FINANCIAL_OUT_OF_SCOPE,P2_GENERAL_SCREEN,NO,NO,NO,2026-10-09
0001136893,FIS,,Fidelity National Information Services,Financials,Transaction & Payment Processing Services,EXCLUDED_FINANCIAL,FINANCIAL_OUT_OF_SCOPE,P2_GENERAL_SCREEN,NO,NO,NO,2026-10-09
0000798354,FISV,,Fiserv,Financials,Transaction & Payment Processing Services,EXCLUDED_FINANCIAL,FINANCIAL_OUT_OF_SCOPE,P2_GENERAL_SCREEN,NO,NO,NO,2026-10-09
0000035527,FITB,,Fifth Third Bancorp,Financials,Regional Banks,EXCLUDED_FINANCIAL,FINANCIAL_OUT_OF_SCOPE,P2_GENERAL_SCREEN,NO,NO,NO,2026-10-09
0000320335,GL,,Globe Life,Financials,Life & Health Insurance,EXCLUDED_FINANCIAL,FINANCIAL_OUT_OF_SCOPE,P2_GENERAL_SCREEN,NO,NO,NO,2026-10-09
0001123360,GPN,,Global Payments,Financials,Transaction & Payment Processing Services,EXCLUDED_FINANCIAL,FINANCIAL_OUT_OF_SCOPE,P2_GENERAL_SCREEN,NO,NO,NO,2026-10-09
0000886982,GS,,Goldman Sachs,Financials,Investment Banking & Brokerage,EXCLUDED_FINANCIAL,FINANCIAL_OUT_OF_SCOPE,P2_GENERAL_SCREEN,NO,NO,NO,2026-10-09
0000049196,HBAN,,Huntington Bancshares,Financials,Regional Banks,EXCLUDED_FINANCIAL,FINANCIAL_OUT_OF_SCOPE,P2_GENERAL_SCREEN,NO,NO,NO,2026-10-09
0000874766,HIG,,Hartford (The),Financials,Property & Casualty Insurance,EXCLUDED_FINANCIAL,FINANCIAL_OUT_OF_SCOPE,P2_GENERAL_SCREEN,NO,NO,NO,2026-10-09
0001783879,HOOD,,Robinhood Markets,Financials,Investment Banking & Brokerage,EXCLUDED_FINANCIAL,FINANCIAL_OUT_OF_SCOPE,P2_GENERAL_SCREEN,NO,NO,NO,2026-10-09
0001381197,IBKR,,Interactive Brokers,Financials,Investment Banking & Brokerage,EXCLUDED_FINANCIAL,FINANCIAL_OUT_OF_SCOPE,P2_GENERAL_SCREEN,NO,NO,NO,2026-10-09
0001571949,ICE,,Intercontinental Exchange,Financials,Financial Exchanges & Data,EXCLUDED_FINANCIAL,FINANCIAL_OUT_OF_SCOPE,P2_GENERAL_SCREEN,NO,NO,NO,2026-10-09
0000914208,IVZ,,Invesco,Financials,Asset Management & Custody Banks,EXCLUDED_FINANCIAL,FINANCIAL_OUT_OF_SCOPE,P2_GENERAL_SCREEN,NO,NO,NO,2026-10-09
0000779152,JKHY,,Jack Henry & Associates,Financials,Transaction & Payment Processing Services,EXCLUDED_FINANCIAL,FINANCIAL_OUT_OF_SCOPE,P2_GENERAL_SCREEN,NO,NO,NO,2026-10-09
0000019617,JPM,,JPMorgan Chase,Financials,Diversified Banks,EXCLUDED_FINANCIAL,FINANCIAL_OUT_OF_SCOPE,P2_GENERAL_SCREEN,NO,NO,NO,2026-10-09
0000091576,KEY,,KeyCorp,Financials,Regional Banks,EXCLUDED_FINANCIAL,FINANCIAL_OUT_OF_SCOPE,P2_GENERAL_SCREEN,NO,NO,NO,2026-10-09
0001404912,KKR,,KKR & Co.,Financials,Asset Management & Custody Banks,EXCLUDED_FINANCIAL,FINANCIAL_OUT_OF_SCOPE,P2_GENERAL_SCREEN,NO,NO,NO,2026-10-09
0000060086,L,,Loews Corporation,Financials,Multi-line Insurance,EXCLUDED_FINANCIAL,FINANCIAL_OUT_OF_SCOPE,P2_GENERAL_SCREEN,NO,NO,NO,2026-10-09
0001141391,MA,,Mastercard,Financials,Transaction & Payment Processing Services,EXCLUDED_FINANCIAL,FINANCIAL_OUT_OF_SCOPE,P2_GENERAL_SCREEN,NO,NO,NO,2026-10-09
0001059556,MCO,,Moody's Corporation,Financials,Financial Exchanges & Data,EXCLUDED_FINANCIAL,FINANCIAL_OUT_OF_SCOPE,P2_GENERAL_SCREEN,NO,NO,NO,2026-10-09
0001099219,MET,,MetLife,Financials,Life & Health Insurance,EXCLUDED_FINANCIAL,FINANCIAL_OUT_OF_SCOPE,P2_GENERAL_SCREEN,NO,NO,NO,2026-10-09
0000062709,MRSH,,Marsh McLennan,Financials,Insurance Brokers,EXCLUDED_FINANCIAL,FINANCIAL_OUT_OF_SCOPE,P2_GENERAL_SCREEN,NO,NO,NO,2026-10-09
0000895421,MS,,Morgan Stanley,Financials,Investment Banking & Brokerage,EXCLUDED_FINANCIAL,FINANCIAL_OUT_OF_SCOPE,P2_GENERAL_SCREEN,NO,NO,NO,2026-10-09
0001408198,MSCI,,MSCI,Financials,Financial Exchanges & Data,EXCLUDED_FINANCIAL,FINANCIAL_OUT_OF_SCOPE,P2_GENERAL_SCREEN,NO,NO,NO,2026-10-09
0000036270,MTB,,M&T Bank,Financials,Regional Banks,EXCLUDED_FINANCIAL,FINANCIAL_OUT_OF_SCOPE,P2_GENERAL_SCREEN,NO,NO,NO,2026-10-09
0001120193,NDAQ,,"Nasdaq, Inc.",Financials,Financial Exchanges & Data,EXCLUDED_FINANCIAL,FINANCIAL_OUT_OF_SCOPE,P2_GENERAL_SCREEN,NO,NO,NO,2026-10-09
0000073124,NTRS,,Northern Trust,Financials,Asset Management & Custody Banks,EXCLUDED_FINANCIAL,FINANCIAL_OUT_OF_SCOPE,P2_GENERAL_SCREEN,NO,NO,NO,2026-10-09
0001126328,PFG,,Principal Financial Group,Financials,Life & Health Insurance,EXCLUDED_FINANCIAL,FINANCIAL_OUT_OF_SCOPE,P2_GENERAL_SCREEN,NO,NO,NO,2026-10-09
0000080661,PGR,,Progressive Corporation,Financials,Property & Casualty Insurance,EXCLUDED_FINANCIAL,FINANCIAL_OUT_OF_SCOPE,P2_GENERAL_SCREEN,NO,NO,NO,2026-10-09
0000713676,PNC,,PNC Financial Services,Financials,Diversified Banks,EXCLUDED_FINANCIAL,FINANCIAL_OUT_OF_SCOPE,P2_GENERAL_SCREEN,NO,NO,NO,2026-10-09
0001137774,PRU,,Prudential Financial,Financials,Life & Health Insurance,EXCLUDED_FINANCIAL,FINANCIAL_OUT_OF_SCOPE,P2_GENERAL_SCREEN,NO,NO,NO,2026-10-09
0001633917,PYPL,,PayPal,Financials,Transaction & Payment Processing Services,EXCLUDED_FINANCIAL,FINANCIAL_OUT_OF_SCOPE,P2_GENERAL_SCREEN,NO,NO,NO,2026-10-09
0001281761,RF,,Regions Financial Corporation,Financials,Regional Banks,EXCLUDED_FINANCIAL,FINANCIAL_OUT_OF_SCOPE,P2_GENERAL_SCREEN,NO,NO,NO,2026-10-09
0000720005,RJF,,Raymond James Financial,Financials,Investment Banking & Brokerage,EXCLUDED_FINANCIAL,FINANCIAL_OUT_OF_SCOPE,P2_GENERAL_SCREEN,NO,NO,NO,2026-10-09
0000316709,SCHW,,Charles Schwab Corporation,Financials,Investment Banking & Brokerage,EXCLUDED_FINANCIAL,FINANCIAL_OUT_OF_SCOPE,P2_GENERAL_SCREEN,NO,NO,NO,2026-10-09
0000064040,SPGI,,S&P Global,Financials,Financial Exchanges & Data,EXCLUDED_FINANCIAL,FINANCIAL_OUT_OF_SCOPE,P2_GENERAL_SCREEN,NO,NO,NO,2026-10-09
0000093751,STT,,State Street Corporation,Financials,Asset Management & Custody Banks,EXCLUDED_FINANCIAL,FINANCIAL_OUT_OF_SCOPE,P2_GENERAL_SCREEN,NO,NO,NO,2026-10-09
0001601712,SYF,,Synchrony Financial,Financials,Consumer Finance,EXCLUDED_FINANCIAL,FINANCIAL_OUT_OF_SCOPE,P2_GENERAL_SCREEN,NO,NO,NO,2026-10-09
0000092230,TFC,,Truist Financial,Financials,Diversified Banks,EXCLUDED_FINANCIAL,FINANCIAL_OUT_OF_SCOPE,P2_GENERAL_SCREEN,NO,NO,NO,2026-10-09
0001113169,TROW,,T. Rowe Price,Financials,Asset Management & Custody Banks,EXCLUDED_FINANCIAL,FINANCIAL_OUT_OF_SCOPE,P2_GENERAL_SCREEN,NO,NO,NO,2026-10-09
0000086312,TRV,,Travelers Companies (The),Financials,Property & Casualty Insurance,EXCLUDED_FINANCIAL,FINANCIAL_OUT_OF_SCOPE,P2_GENERAL_SCREEN,NO,NO,NO,2026-10-09
0000036104,USB,,U.S. Bancorp,Financials,Diversified Banks,EXCLUDED_FINANCIAL,FINANCIAL_OUT_OF_SCOPE,P2_GENERAL_SCREEN,NO,NO,NO,2026-10-09
0001403161,V,,Visa Inc.,Financials,Transaction & Payment Processing Services,EXCLUDED_FINANCIAL,FINANCIAL_OUT_OF_SCOPE,P2_GENERAL_SCREEN,NO,NO,NO,2026-10-09
0000072971,WFC,,Wells Fargo,Financials,Diversified Banks,EXCLUDED_FINANCIAL,FINANCIAL_OUT_OF_SCOPE,P2_GENERAL_SCREEN,NO,NO,NO,2026-10-09
0000011544,WRB,,W. R. Berkley Corporation,Financials,Property & Casualty Insurance,EXCLUDED_FINANCIAL,FINANCIAL_OUT_OF_SCOPE,P2_GENERAL_SCREEN,NO,NO,NO,2026-10-09
0001140536,WTW,,Willis Towers Watson,Financials,Insurance Brokers,EXCLUDED_FINANCIAL,FINANCIAL_OUT_OF_SCOPE,P2_GENERAL_SCREEN,NO,NO,NO,2026-10-09
0001512673,XYZ,,"Block, Inc.",Financials,Transaction & Payment Processing Services,EXCLUDED_FINANCIAL,FINANCIAL_OUT_OF_SCOPE,P2_GENERAL_SCREEN,NO,NO,NO,2026-10-09
