cik,ticker,aliases,company,sector,subindustry,analysis,role,priority,sec_10k_2019_2025_verified,ai_capex_verified,historical_listing_verified,source_snapshot,research_partition_v2,AI_INDIVIDUAL_CAPEX_VERIFIED,CAM_AS3101_ELIGIBLE_VERIFIED,ICFR_ORIGINAL_LABEL_VERIFIED,PCAOB_PUBLIC_ASOF_VERIFIED,BUYER_SUPPLIER_ACTUAL_ROLE_VERIFIED
0001090872,A,,Agilent Technologies,Health Care,Life Sciences Tools & Services,PRIMARY_OPERATING,OTHER_NONFINANCIAL_UNVERIFIED,P2_GENERAL_SCREEN,NO,NO,NO,2026-10-09,GENERAL_244_AI_STATUS_UNKNOWN,PENDING,PENDING,PENDING,PENDING,PENDING
0001551152,ABBV,,AbbVie,Health Care,Biotechnology,PRIMARY_OPERATING,OTHER_NONFINANCIAL_UNVERIFIED,P2_GENERAL_SCREEN,NO,NO,NO,2026-10-09,GENERAL_244_AI_STATUS_UNKNOWN,PENDING,PENDING,PENDING,PENDING,PENDING
0001559720,ABNB,,Airbnb,Consumer Discretionary,"Hotels, Resorts & Cruise Lines",PRIMARY_OPERATING,OTHER_NONFINANCIAL_UNVERIFIED,P2_GENERAL_SCREEN,NO,NO,NO,2026-10-09,GENERAL_244_AI_STATUS_UNKNOWN,PENDING,PENDING,PENDING,PENDING,PENDING
0000001800,ABT,,Abbott Laboratories,Health Care,Health Care Equipment,PRIMARY_OPERATING,OTHER_NONFINANCIAL_UNVERIFIED,P2_GENERAL_SCREEN,NO,NO,NO,2026-10-09,GENERAL_244_AI_STATUS_UNKNOWN,PENDING,PENDING,PENDING,PENDING,PENDING
0000007084,ADM,,Archer Daniels Midland,Consumer Staples,Agricultural Products & Services,PRIMARY_OPERATING,OTHER_NONFINANCIAL_UNVERIFIED,P2_GENERAL_SCREEN,NO,NO,NO,2026-10-09,GENERAL_244_AI_STATUS_UNKNOWN,PENDING,PENDING,PENDING,PENDING,PENDING
0000008670,ADP,,Automatic Data Processing,Industrials,Human Resource & Employment Services,PRIMARY_OPERATING,OTHER_NONFINANCIAL_UNVERIFIED,P2_GENERAL_SCREEN,NO,NO,NO,2026-10-09,GENERAL_244_AI_STATUS_UNKNOWN,PENDING,PENDING,PENDING,PENDING,PENDING
0000915913,ALB,,Albemarle Corporation,Materials,Specialty Chemicals,PRIMARY_OPERATING,OTHER_NONFINANCIAL_UNVERIFIED,P2_GENERAL_SCREEN,NO,NO,NO,2026-10-09,GENERAL_244_AI_STATUS_UNKNOWN,PENDING,PENDING,PENDING,PENDING,PENDING
0001097149,ALGN,,Align Technology,Health Care,Health Care Supplies,PRIMARY_OPERATING,OTHER_NONFINANCIAL_UNVERIFIED,P2_GENERAL_SCREEN,NO,NO,NO,2026-10-09,GENERAL_244_AI_STATUS_UNKNOWN,PENDING,PENDING,PENDING,PENDING,PENDING
0001579241,ALLE,,Allegion,Industrials,Building Products,PRIMARY_OPERATING,OTHER_NONFINANCIAL_UNVERIFIED,P2_GENERAL_SCREEN,NO,NO,NO,2026-10-09,GENERAL_244_AI_STATUS_UNKNOWN,PENDING,PENDING,PENDING,PENDING,PENDING
0001748790,AMCR,,Amcor,Materials,Paper & Plastic Packaging Products & Materials,PRIMARY_OPERATING,OTHER_NONFINANCIAL_UNVERIFIED,P2_GENERAL_SCREEN,NO,NO,NO,2026-10-09,GENERAL_244_AI_STATUS_UNKNOWN,PENDING,PENDING,PENDING,PENDING,PENDING
0001037868,AME,,Ametek,Industrials,Electrical Components & Equipment,PRIMARY_OPERATING,OTHER_NONFINANCIAL_UNVERIFIED,P2_GENERAL_SCREEN,NO,NO,NO,2026-10-09,GENERAL_244_AI_STATUS_UNKNOWN,PENDING,PENDING,PENDING,PENDING,PENDING
0000318154,AMGN,,Amgen,Health Care,Biotechnology,PRIMARY_OPERATING,OTHER_NONFINANCIAL_UNVERIFIED,P2_GENERAL_SCREEN,NO,NO,NO,2026-10-09,GENERAL_244_AI_STATUS_UNKNOWN,PENDING,PENDING,PENDING,PENDING,PENDING
0000091142,AOS,,A. O. Smith,Industrials,Building Products,PRIMARY_OPERATING,OTHER_NONFINANCIAL_UNVERIFIED,P2_GENERAL_SCREEN,NO,NO,NO,2026-10-09,GENERAL_244_AI_STATUS_UNKNOWN,PENDING,PENDING,PENDING,PENDING,PENDING
0001841666,APA,,APA Corporation,Energy,Oil & Gas Exploration & Production,PRIMARY_OPERATING,OTHER_NONFINANCIAL_UNVERIFIED,P2_GENERAL_SCREEN,NO,NO,NO,2026-10-09,GENERAL_244_AI_STATUS_UNKNOWN,PENDING,PENDING,PENDING,PENDING,PENDING
0000002969,APD,,Air Products,Materials,Industrial Gases,PRIMARY_OPERATING,OTHER_NONFINANCIAL_UNVERIFIED,P2_GENERAL_SCREEN,NO,NO,NO,2026-10-09,GENERAL_244_AI_STATUS_UNKNOWN,PENDING,PENDING,PENDING,PENDING,PENDING
0001521332,APTV,,Aptiv,Consumer Discretionary,Automotive Parts & Equipment,PRIMARY_OPERATING,OTHER_NONFINANCIAL_UNVERIFIED,P2_GENERAL_SCREEN,NO,NO,NO,2026-10-09,GENERAL_244_AI_STATUS_UNKNOWN,PENDING,PENDING,PENDING,PENDING,PENDING
0000008818,AVY,,Avery Dennison,Materials,Paper & Plastic Packaging Products & Materials,PRIMARY_OPERATING,OTHER_NONFINANCIAL_UNVERIFIED,P2_GENERAL_SCREEN,NO,NO,NO,2026-10-09,GENERAL_244_AI_STATUS_UNKNOWN,PENDING,PENDING,PENDING,PENDING,PENDING
0001069183,AXON,,Axon Enterprise,Industrials,Aerospace & Defense,PRIMARY_OPERATING,OTHER_NONFINANCIAL_UNVERIFIED,P2_GENERAL_SCREEN,NO,NO,NO,2026-10-09,GENERAL_244_AI_STATUS_UNKNOWN,PENDING,PENDING,PENDING,PENDING,PENDING
0000866787,AZO,,AutoZone,Consumer Discretionary,Automotive Retail,PRIMARY_OPERATING,OTHER_NONFINANCIAL_UNVERIFIED,P2_GENERAL_SCREEN,NO,NO,NO,2026-10-09,GENERAL_244_AI_STATUS_UNKNOWN,PENDING,PENDING,PENDING,PENDING,PENDING
0000012927,BA,,Boeing,Industrials,Aerospace & Defense,PRIMARY_OPERATING,OTHER_NONFINANCIAL_UNVERIFIED,P2_GENERAL_SCREEN,NO,NO,NO,2026-10-09,GENERAL_244_AI_STATUS_UNKNOWN,PENDING,PENDING,PENDING,PENDING,PENDING
0000009389,BALL,,Ball Corporation,Materials,"Metal, Glass & Plastic Containers",PRIMARY_OPERATING,OTHER_NONFINANCIAL_UNVERIFIED,P2_GENERAL_SCREEN,NO,NO,NO,2026-10-09,GENERAL_244_AI_STATUS_UNKNOWN,PENDING,PENDING,PENDING,PENDING,PENDING
0000010456,BAX,,Baxter International,Health Care,Health Care Equipment,PRIMARY_OPERATING,OTHER_NONFINANCIAL_UNVERIFIED,P2_GENERAL_SCREEN,NO,NO,NO,2026-10-09,GENERAL_244_AI_STATUS_UNKNOWN,PENDING,PENDING,PENDING,PENDING,PENDING
0000010795,BDX,,Becton Dickinson,Health Care,Health Care Equipment,PRIMARY_OPERATING,OTHER_NONFINANCIAL_UNVERIFIED,P2_GENERAL_SCREEN,NO,NO,NO,2026-10-09,GENERAL_244_AI_STATUS_UNKNOWN,PENDING,PENDING,PENDING,PENDING,PENDING
0001664703,BE,,Bloom Energy,Industrials,Electrical Components & Equipment,PRIMARY_OPERATING,OTHER_NONFINANCIAL_UNVERIFIED,P2_GENERAL_SCREEN,NO,NO,NO,2026-10-09,GENERAL_244_AI_STATUS_UNKNOWN,PENDING,PENDING,PENDING,PENDING,PENDING
0000014693,BF.B,,Brown–Forman,Consumer Staples,Distillers & Vintners,PRIMARY_OPERATING,OTHER_NONFINANCIAL_UNVERIFIED,P2_GENERAL_SCREEN,NO,NO,NO,2026-10-09,GENERAL_244_AI_STATUS_UNKNOWN,PENDING,PENDING,PENDING,PENDING,PENDING
0001996862,BG,,Bunge Global,Consumer Staples,Agricultural Products & Services,PRIMARY_OPERATING,OTHER_NONFINANCIAL_UNVERIFIED,P2_GENERAL_SCREEN,NO,NO,NO,2026-10-09,GENERAL_244_AI_STATUS_UNKNOWN,PENDING,PENDING,PENDING,PENDING,PENDING
0000875045,BIIB,,Biogen,Health Care,Biotechnology,PRIMARY_OPERATING,OTHER_NONFINANCIAL_UNVERIFIED,P2_GENERAL_SCREEN,NO,NO,NO,2026-10-09,GENERAL_244_AI_STATUS_UNKNOWN,PENDING,PENDING,PENDING,PENDING,PENDING
0001075531,BKNG,,Booking Holdings,Consumer Discretionary,"Hotels, Resorts & Cruise Lines",PRIMARY_OPERATING,OTHER_NONFINANCIAL_UNVERIFIED,P2_GENERAL_SCREEN,NO,NO,NO,2026-10-09,GENERAL_244_AI_STATUS_UNKNOWN,PENDING,PENDING,PENDING,PENDING,PENDING
0001701605,BKR,,Baker Hughes,Energy,Oil & Gas Equipment & Services,PRIMARY_OPERATING,OTHER_NONFINANCIAL_UNVERIFIED,P2_GENERAL_SCREEN,NO,NO,NO,2026-10-09,GENERAL_244_AI_STATUS_UNKNOWN,PENDING,PENDING,PENDING,PENDING,PENDING
0000014272,BMY,,Bristol Myers Squibb,Health Care,Pharmaceuticals,PRIMARY_OPERATING,OTHER_NONFINANCIAL_UNVERIFIED,P2_GENERAL_SCREEN,NO,NO,NO,2026-10-09,GENERAL_244_AI_STATUS_UNKNOWN,PENDING,PENDING,PENDING,PENDING,PENDING
0000885725,BSX,,Boston Scientific,Health Care,Health Care Equipment,PRIMARY_OPERATING,OTHER_NONFINANCIAL_UNVERIFIED,P2_GENERAL_SCREEN,NO,NO,NO,2026-10-09,GENERAL_244_AI_STATUS_UNKNOWN,PENDING,PENDING,PENDING,PENDING,PENDING
0000721371,CAH,,Cardinal Health,Health Care,Health Care Distributors,PRIMARY_OPERATING,OTHER_NONFINANCIAL_UNVERIFIED,P2_GENERAL_SCREEN,NO,NO,NO,2026-10-09,GENERAL_244_AI_STATUS_UNKNOWN,PENDING,PENDING,PENDING,PENDING,PENDING
0001783180,CARR,,Carrier Global,Industrials,Building Products,PRIMARY_OPERATING,OTHER_NONFINANCIAL_UNVERIFIED,P2_GENERAL_SCREEN,NO,NO,NO,2026-10-09,GENERAL_244_AI_STATUS_UNKNOWN,PENDING,PENDING,PENDING,PENDING,PENDING
0000726958,CASY,,Casey's,Consumer Staples,Food Retail,PRIMARY_OPERATING,OTHER_NONFINANCIAL_UNVERIFIED,P2_GENERAL_SCREEN,NO,NO,NO,2026-10-09,GENERAL_244_AI_STATUS_UNKNOWN,PENDING,PENDING,PENDING,PENDING,PENDING
0000018230,CAT,,Caterpillar Inc.,Industrials,Construction Machinery & Heavy Transportation Equipment,PRIMARY_OPERATING,OTHER_NONFINANCIAL_UNVERIFIED,P2_GENERAL_SCREEN,NO,NO,NO,2026-10-09,GENERAL_244_AI_STATUS_UNKNOWN,PENDING,PENDING,PENDING,PENDING,PENDING
0000815097,CCL,,Carnival Corporation,Consumer Discretionary,"Hotels, Resorts & Cruise Lines",PRIMARY_OPERATING,OTHER_NONFINANCIAL_UNVERIFIED,P2_GENERAL_SCREEN,NO,NO,NO,2026-10-09,GENERAL_244_AI_STATUS_UNKNOWN,PENDING,PENDING,PENDING,PENDING,PENDING
0001324404,CF,,CF Industries,Materials,Fertilizers & Agricultural Chemicals,PRIMARY_OPERATING,OTHER_NONFINANCIAL_UNVERIFIED,P2_GENERAL_SCREEN,NO,NO,NO,2026-10-09,GENERAL_244_AI_STATUS_UNKNOWN,PENDING,PENDING,PENDING,PENDING,PENDING
0000313927,CHD,,Church & Dwight,Consumer Staples,Household Products,PRIMARY_OPERATING,OTHER_NONFINANCIAL_UNVERIFIED,P2_GENERAL_SCREEN,NO,NO,NO,2026-10-09,GENERAL_244_AI_STATUS_UNKNOWN,PENDING,PENDING,PENDING,PENDING,PENDING
0001043277,CHRW,,C.H. Robinson,Industrials,Air Freight & Logistics,PRIMARY_OPERATING,OTHER_NONFINANCIAL_UNVERIFIED,P2_GENERAL_SCREEN,NO,NO,NO,2026-10-09,GENERAL_244_AI_STATUS_UNKNOWN,PENDING,PENDING,PENDING,PENDING,PENDING
0001739940,CI,,Cigna,Health Care,Health Care Services,PRIMARY_OPERATING,OTHER_NONFINANCIAL_UNVERIFIED,P2_GENERAL_SCREEN,NO,NO,NO,2026-10-09,GENERAL_244_AI_STATUS_UNKNOWN,PENDING,PENDING,PENDING,PENDING,PENDING
0000021665,CL,,Colgate-Palmolive,Consumer Staples,Household Products,PRIMARY_OPERATING,OTHER_NONFINANCIAL_UNVERIFIED,P2_GENERAL_SCREEN,NO,NO,NO,2026-10-09,GENERAL_244_AI_STATUS_UNKNOWN,PENDING,PENDING,PENDING,PENDING,PENDING
0000021076,CLX,,Clorox,Consumer Staples,Household Products,PRIMARY_OPERATING,OTHER_NONFINANCIAL_UNVERIFIED,P2_GENERAL_SCREEN,NO,NO,NO,2026-10-09,GENERAL_244_AI_STATUS_UNKNOWN,PENDING,PENDING,PENDING,PENDING,PENDING
0001058090,CMG,,Chipotle Mexican Grill,Consumer Discretionary,Restaurants,PRIMARY_OPERATING,OTHER_NONFINANCIAL_UNVERIFIED,P2_GENERAL_SCREEN,NO,NO,NO,2026-10-09,GENERAL_244_AI_STATUS_UNKNOWN,PENDING,PENDING,PENDING,PENDING,PENDING
0000026172,CMI,,Cummins,Industrials,Construction Machinery & Heavy Transportation Equipment,PRIMARY_OPERATING,OTHER_NONFINANCIAL_UNVERIFIED,P2_GENERAL_SCREEN,NO,NO,NO,2026-10-09,GENERAL_244_AI_STATUS_UNKNOWN,PENDING,PENDING,PENDING,PENDING,PENDING
0001071739,CNC,,Centene Corporation,Health Care,Managed Health Care,PRIMARY_OPERATING,OTHER_NONFINANCIAL_UNVERIFIED,P2_GENERAL_SCREEN,NO,NO,NO,2026-10-09,GENERAL_244_AI_STATUS_UNKNOWN,PENDING,PENDING,PENDING,PENDING,PENDING
0000711404,COO,,Cooper Companies (The),Health Care,Health Care Supplies,PRIMARY_OPERATING,OTHER_NONFINANCIAL_UNVERIFIED,P2_GENERAL_SCREEN,NO,NO,NO,2026-10-09,GENERAL_244_AI_STATUS_UNKNOWN,PENDING,PENDING,PENDING,PENDING,PENDING
0001163165,COP,,ConocoPhillips,Energy,Oil & Gas Exploration & Production,PRIMARY_OPERATING,OTHER_NONFINANCIAL_UNVERIFIED,P2_GENERAL_SCREEN,NO,NO,NO,2026-10-09,GENERAL_244_AI_STATUS_UNKNOWN,PENDING,PENDING,PENDING,PENDING,PENDING
0001140859,COR,,Cencora,Health Care,Health Care Distributors,PRIMARY_OPERATING,OTHER_NONFINANCIAL_UNVERIFIED,P2_GENERAL_SCREEN,NO,NO,NO,2026-10-09,GENERAL_244_AI_STATUS_UNKNOWN,PENDING,PENDING,PENDING,PENDING,PENDING
0000909832,COST,,Costco,Consumer Staples,Consumer Staples Merchandise Retail,PRIMARY_OPERATING,OTHER_NONFINANCIAL_UNVERIFIED,P2_GENERAL_SCREEN,NO,NO,NO,2026-10-09,GENERAL_244_AI_STATUS_UNKNOWN,PENDING,PENDING,PENDING,PENDING,PENDING
0000900075,CPRT,,Copart,Industrials,Diversified Support Services,PRIMARY_OPERATING,OTHER_NONFINANCIAL_UNVERIFIED,P2_GENERAL_SCREEN,NO,NO,NO,2026-10-09,GENERAL_244_AI_STATUS_UNKNOWN,PENDING,PENDING,PENDING,PENDING,PENDING
0000849395,CRH,,CRH plc,Materials,Construction Materials,PRIMARY_OPERATING,OTHER_NONFINANCIAL_UNVERIFIED,P2_GENERAL_SCREEN,NO,NO,NO,2026-10-09,GENERAL_244_AI_STATUS_UNKNOWN,PENDING,PENDING,PENDING,PENDING,PENDING
0001100682,CRL,,Charles River Laboratories,Health Care,Life Sciences Tools & Services,PRIMARY_OPERATING,OTHER_NONFINANCIAL_UNVERIFIED,P2_GENERAL_SCREEN,NO,NO,NO,2026-10-09,GENERAL_244_AI_STATUS_UNKNOWN,PENDING,PENDING,PENDING,PENDING,PENDING
0000277948,CSX,,CSX Corporation,Industrials,Rail Transportation,PRIMARY_OPERATING,OTHER_NONFINANCIAL_UNVERIFIED,P2_GENERAL_SCREEN,NO,NO,NO,2026-10-09,GENERAL_244_AI_STATUS_UNKNOWN,PENDING,PENDING,PENDING,PENDING,PENDING
0000723254,CTAS,,Cintas,Industrials,Diversified Support Services,PRIMARY_OPERATING,OTHER_NONFINANCIAL_UNVERIFIED,P2_GENERAL_SCREEN,NO,NO,NO,2026-10-09,GENERAL_244_AI_STATUS_UNKNOWN,PENDING,PENDING,PENDING,PENDING,PENDING
0001690820,CVNA,,Carvana,Consumer Discretionary,Automotive Retail,PRIMARY_OPERATING,OTHER_NONFINANCIAL_UNVERIFIED,P2_GENERAL_SCREEN,NO,NO,NO,2026-10-09,GENERAL_244_AI_STATUS_UNKNOWN,PENDING,PENDING,PENDING,PENDING,PENDING
0000064803,CVS,,CVS Health,Health Care,Health Care Services,PRIMARY_OPERATING,OTHER_NONFINANCIAL_UNVERIFIED,P2_GENERAL_SCREEN,NO,NO,NO,2026-10-09,GENERAL_244_AI_STATUS_UNKNOWN,PENDING,PENDING,PENDING,PENDING,PENDING
0000093410,CVX,,Chevron Corporation,Energy,Integrated Oil & Gas,PRIMARY_OPERATING,OTHER_NONFINANCIAL_UNVERIFIED,P2_GENERAL_SCREEN,NO,NO,NO,2026-10-09,GENERAL_244_AI_STATUS_UNKNOWN,PENDING,PENDING,PENDING,PENDING,PENDING
0000027904,DAL,,Delta Air Lines,Industrials,Passenger Airlines,PRIMARY_OPERATING,OTHER_NONFINANCIAL_UNVERIFIED,P2_GENERAL_SCREEN,NO,NO,NO,2026-10-09,GENERAL_244_AI_STATUS_UNKNOWN,PENDING,PENDING,PENDING,PENDING,PENDING
0001792789,DASH,,DoorDash,Consumer Discretionary,Specialized Consumer Services,PRIMARY_OPERATING,OTHER_NONFINANCIAL_UNVERIFIED,P2_GENERAL_SCREEN,NO,NO,NO,2026-10-09,GENERAL_244_AI_STATUS_UNKNOWN,PENDING,PENDING,PENDING,PENDING,PENDING
0001666700,DD,,DuPont,Industrials,Industrial Conglomerates,PRIMARY_OPERATING,OTHER_NONFINANCIAL_UNVERIFIED,P2_GENERAL_SCREEN,NO,NO,NO,2026-10-09,GENERAL_244_AI_STATUS_UNKNOWN,PENDING,PENDING,PENDING,PENDING,PENDING
0000315189,DE,,Deere & Company,Industrials,Agricultural & Farm Machinery,PRIMARY_OPERATING,OTHER_NONFINANCIAL_UNVERIFIED,P2_GENERAL_SCREEN,NO,NO,NO,2026-10-09,GENERAL_244_AI_STATUS_UNKNOWN,PENDING,PENDING,PENDING,PENDING,PENDING
0000910521,DECK,,Deckers Brands,Consumer Discretionary,Footwear,PRIMARY_OPERATING,OTHER_NONFINANCIAL_UNVERIFIED,P2_GENERAL_SCREEN,NO,NO,NO,2026-10-09,GENERAL_244_AI_STATUS_UNKNOWN,PENDING,PENDING,PENDING,PENDING,PENDING
0000029534,DG,,Dollar General,Consumer Staples,Consumer Staples Merchandise Retail,PRIMARY_OPERATING,OTHER_NONFINANCIAL_UNVERIFIED,P2_GENERAL_SCREEN,NO,NO,NO,2026-10-09,GENERAL_244_AI_STATUS_UNKNOWN,PENDING,PENDING,PENDING,PENDING,PENDING
0001022079,DGX,,Quest Diagnostics,Health Care,Health Care Services,PRIMARY_OPERATING,OTHER_NONFINANCIAL_UNVERIFIED,P2_GENERAL_SCREEN,NO,NO,NO,2026-10-09,GENERAL_244_AI_STATUS_UNKNOWN,PENDING,PENDING,PENDING,PENDING,PENDING
0000882184,DHI,,D. R. Horton,Consumer Discretionary,Homebuilding,PRIMARY_OPERATING,OTHER_NONFINANCIAL_UNVERIFIED,P2_GENERAL_SCREEN,NO,NO,NO,2026-10-09,GENERAL_244_AI_STATUS_UNKNOWN,PENDING,PENDING,PENDING,PENDING,PENDING
0000313616,DHR,,Danaher Corporation,Health Care,Life Sciences Tools & Services,PRIMARY_OPERATING,OTHER_NONFINANCIAL_UNVERIFIED,P2_GENERAL_SCREEN,NO,NO,NO,2026-10-09,GENERAL_244_AI_STATUS_UNKNOWN,PENDING,PENDING,PENDING,PENDING,PENDING
0000935703,DLTR,,Dollar Tree,Consumer Staples,Consumer Staples Merchandise Retail,PRIMARY_OPERATING,OTHER_NONFINANCIAL_UNVERIFIED,P2_GENERAL_SCREEN,NO,NO,NO,2026-10-09,GENERAL_244_AI_STATUS_UNKNOWN,PENDING,PENDING,PENDING,PENDING,PENDING
0001751788,DOW,,Dow Inc.,Materials,Commodity Chemicals,PRIMARY_OPERATING,OTHER_NONFINANCIAL_UNVERIFIED,P2_GENERAL_SCREEN,NO,NO,NO,2026-10-09,GENERAL_244_AI_STATUS_UNKNOWN,PENDING,PENDING,PENDING,PENDING,PENDING
0001286681,DPZ,,Domino's,Consumer Discretionary,Restaurants,PRIMARY_OPERATING,OTHER_NONFINANCIAL_UNVERIFIED,P2_GENERAL_SCREEN,NO,NO,NO,2026-10-09,GENERAL_244_AI_STATUS_UNKNOWN,PENDING,PENDING,PENDING,PENDING,PENDING
0000940944,DRI,,Darden Restaurants,Consumer Discretionary,Restaurants,PRIMARY_OPERATING,OTHER_NONFINANCIAL_UNVERIFIED,P2_GENERAL_SCREEN,NO,NO,NO,2026-10-09,GENERAL_244_AI_STATUS_UNKNOWN,PENDING,PENDING,PENDING,PENDING,PENDING
0000927066,DVA,,DaVita,Health Care,Health Care Services,PRIMARY_OPERATING,OTHER_NONFINANCIAL_UNVERIFIED,P2_GENERAL_SCREEN,NO,NO,NO,2026-10-09,GENERAL_244_AI_STATUS_UNKNOWN,PENDING,PENDING,PENDING,PENDING,PENDING
0001090012,DVN,,Devon Energy,Energy,Oil & Gas Exploration & Production,PRIMARY_OPERATING,OTHER_NONFINANCIAL_UNVERIFIED,P2_GENERAL_SCREEN,NO,NO,NO,2026-10-09,GENERAL_244_AI_STATUS_UNKNOWN,PENDING,PENDING,PENDING,PENDING,PENDING
0001093557,DXCM,,Dexcom,Health Care,Health Care Equipment,PRIMARY_OPERATING,OTHER_NONFINANCIAL_UNVERIFIED,P2_GENERAL_SCREEN,NO,NO,NO,2026-10-09,GENERAL_244_AI_STATUS_UNKNOWN,PENDING,PENDING,PENDING,PENDING,PENDING
0001065088,EBAY,,eBay Inc.,Consumer Discretionary,Broadline Retail,PRIMARY_OPERATING,OTHER_NONFINANCIAL_UNVERIFIED,P2_GENERAL_SCREEN,NO,NO,NO,2026-10-09,GENERAL_244_AI_STATUS_UNKNOWN,PENDING,PENDING,PENDING,PENDING,PENDING
0000031462,ECL,,Ecolab,Materials,Specialty Chemicals,PRIMARY_OPERATING,OTHER_NONFINANCIAL_UNVERIFIED,P2_GENERAL_SCREEN,NO,NO,NO,2026-10-09,GENERAL_244_AI_STATUS_UNKNOWN,PENDING,PENDING,PENDING,PENDING,PENDING
0000033185,EFX,,Equifax,Industrials,Research & Consulting Services,PRIMARY_OPERATING,OTHER_NONFINANCIAL_UNVERIFIED,P2_GENERAL_SCREEN,NO,NO,NO,2026-10-09,GENERAL_244_AI_STATUS_UNKNOWN,PENDING,PENDING,PENDING,PENDING,PENDING
0001001250,EL,,Estée Lauder Companies (The),Consumer Staples,Personal Care Products,PRIMARY_OPERATING,OTHER_NONFINANCIAL_UNVERIFIED,P2_GENERAL_SCREEN,NO,NO,NO,2026-10-09,GENERAL_244_AI_STATUS_UNKNOWN,PENDING,PENDING,PENDING,PENDING,PENDING
0001156039,ELV,,Elevance Health,Health Care,Managed Health Care,PRIMARY_OPERATING,OTHER_NONFINANCIAL_UNVERIFIED,P2_GENERAL_SCREEN,NO,NO,NO,2026-10-09,GENERAL_244_AI_STATUS_UNKNOWN,PENDING,PENDING,PENDING,PENDING,PENDING
0000032604,EMR,,Emerson Electric,Industrials,Electrical Components & Equipment,PRIMARY_OPERATING,OTHER_NONFINANCIAL_UNVERIFIED,P2_GENERAL_SCREEN,NO,NO,NO,2026-10-09,GENERAL_244_AI_STATUS_UNKNOWN,PENDING,PENDING,PENDING,PENDING,PENDING
0000821189,EOG,,EOG Resources,Energy,Oil & Gas Exploration & Production,PRIMARY_OPERATING,OTHER_NONFINANCIAL_UNVERIFIED,P2_GENERAL_SCREEN,NO,NO,NO,2026-10-09,GENERAL_244_AI_STATUS_UNKNOWN,PENDING,PENDING,PENDING,PENDING,PENDING
0000033213,EQT,,EQT Corporation,Energy,Oil & Gas Exploration & Production,PRIMARY_OPERATING,OTHER_NONFINANCIAL_UNVERIFIED,P2_GENERAL_SCREEN,NO,NO,NO,2026-10-09,GENERAL_244_AI_STATUS_UNKNOWN,PENDING,PENDING,PENDING,PENDING,PENDING
0001551182,ETN,,Eaton Corporation,Industrials,Electrical Components & Equipment,PRIMARY_OPERATING,OTHER_NONFINANCIAL_UNVERIFIED,P2_GENERAL_SCREEN,NO,NO,NO,2026-10-09,GENERAL_244_AI_STATUS_UNKNOWN,PENDING,PENDING,PENDING,PENDING,PENDING
0001099800,EW,,Edwards Lifesciences,Health Care,Health Care Equipment,PRIMARY_OPERATING,OTHER_NONFINANCIAL_UNVERIFIED,P2_GENERAL_SCREEN,NO,NO,NO,2026-10-09,GENERAL_244_AI_STATUS_UNKNOWN,PENDING,PENDING,PENDING,PENDING,PENDING
0000895126,EXE,,Expand Energy,Energy,Oil & Gas Exploration & Production,PRIMARY_OPERATING,OTHER_NONFINANCIAL_UNVERIFIED,P2_GENERAL_SCREEN,NO,NO,NO,2026-10-09,GENERAL_244_AI_STATUS_UNKNOWN,PENDING,PENDING,PENDING,PENDING,PENDING
0000746515,EXPD,,Expeditors International,Industrials,Air Freight & Logistics,PRIMARY_OPERATING,OTHER_NONFINANCIAL_UNVERIFIED,P2_GENERAL_SCREEN,NO,NO,NO,2026-10-09,GENERAL_244_AI_STATUS_UNKNOWN,PENDING,PENDING,PENDING,PENDING,PENDING
0001324424,EXPE,,Expedia Group,Consumer Discretionary,"Hotels, Resorts & Cruise Lines",PRIMARY_OPERATING,OTHER_NONFINANCIAL_UNVERIFIED,P2_GENERAL_SCREEN,NO,NO,NO,2026-10-09,GENERAL_244_AI_STATUS_UNKNOWN,PENDING,PENDING,PENDING,PENDING,PENDING
0000037996,F,,Ford Motor Company,Consumer Discretionary,Automobile Manufacturers,PRIMARY_OPERATING,OTHER_NONFINANCIAL_UNVERIFIED,P2_GENERAL_SCREEN,NO,NO,NO,2026-10-09,GENERAL_244_AI_STATUS_UNKNOWN,PENDING,PENDING,PENDING,PENDING,PENDING
0001539838,FANG,,Diamondback Energy,Energy,Oil & Gas Exploration & Production,PRIMARY_OPERATING,OTHER_NONFINANCIAL_UNVERIFIED,P2_GENERAL_SCREEN,NO,NO,NO,2026-10-09,GENERAL_244_AI_STATUS_UNKNOWN,PENDING,PENDING,PENDING,PENDING,PENDING
0000815556,FAST,,Fastenal,Industrials,Trading Companies & Distributors,PRIMARY_OPERATING,OTHER_NONFINANCIAL_UNVERIFIED,P2_GENERAL_SCREEN,NO,NO,NO,2026-10-09,GENERAL_244_AI_STATUS_UNKNOWN,PENDING,PENDING,PENDING,PENDING,PENDING
0000831259,FCX,,Freeport-McMoRan,Materials,Copper,PRIMARY_OPERATING,OTHER_NONFINANCIAL_UNVERIFIED,P2_GENERAL_SCREEN,NO,NO,NO,2026-10-09,GENERAL_244_AI_STATUS_UNKNOWN,PENDING,PENDING,PENDING,PENDING,PENDING
0001048911,FDX,,FedEx,Industrials,Air Freight & Logistics,PRIMARY_OPERATING,OTHER_NONFINANCIAL_UNVERIFIED,P2_GENERAL_SCREEN,NO,NO,NO,2026-10-09,GENERAL_244_AI_STATUS_UNKNOWN,PENDING,PENDING,PENDING,PENDING,PENDING
0002082247,FDXF,,FedEx Freight,Industrials,Cargo Ground Transportation,PRIMARY_OPERATING,OTHER_NONFINANCIAL_UNVERIFIED,P2_GENERAL_SCREEN,NO,NO,NO,2026-10-09,GENERAL_244_AI_STATUS_UNKNOWN,PENDING,PENDING,PENDING,PENDING,PENDING
0002011641,FERG,,Ferguson Enterprises,Industrials,Trading Companies & Distributors,PRIMARY_OPERATING,OTHER_NONFINANCIAL_UNVERIFIED,P2_GENERAL_SCREEN,NO,NO,NO,2026-10-09,GENERAL_244_AI_STATUS_UNKNOWN,PENDING,PENDING,PENDING,PENDING,PENDING
0000040533,GD,,General Dynamics,Industrials,Aerospace & Defense,PRIMARY_OPERATING,OTHER_NONFINANCIAL_UNVERIFIED,P2_GENERAL_SCREEN,NO,NO,NO,2026-10-09,GENERAL_244_AI_STATUS_UNKNOWN,PENDING,PENDING,PENDING,PENDING,PENDING
0000040545,GE,,GE Aerospace,Industrials,Aerospace & Defense,PRIMARY_OPERATING,OTHER_NONFINANCIAL_UNVERIFIED,P2_GENERAL_SCREEN,NO,NO,NO,2026-10-09,GENERAL_244_AI_STATUS_UNKNOWN,PENDING,PENDING,PENDING,PENDING,PENDING
0001932393,GEHC,,GE HealthCare,Health Care,Health Care Equipment,PRIMARY_OPERATING,OTHER_NONFINANCIAL_UNVERIFIED,P2_GENERAL_SCREEN,NO,NO,NO,2026-10-09,GENERAL_244_AI_STATUS_UNKNOWN,PENDING,PENDING,PENDING,PENDING,PENDING
0000882095,GILD,,Gilead Sciences,Health Care,Biotechnology,PRIMARY_OPERATING,OTHER_NONFINANCIAL_UNVERIFIED,P2_GENERAL_SCREEN,NO,NO,NO,2026-10-09,GENERAL_244_AI_STATUS_UNKNOWN,PENDING,PENDING,PENDING,PENDING,PENDING
0000040704,GIS,,General Mills,Consumer Staples,Packaged Foods & Meats,PRIMARY_OPERATING,OTHER_NONFINANCIAL_UNVERIFIED,P2_GENERAL_SCREEN,NO,NO,NO,2026-10-09,GENERAL_244_AI_STATUS_UNKNOWN,PENDING,PENDING,PENDING,PENDING,PENDING
0001467858,GM,,General Motors,Consumer Discretionary,Automobile Manufacturers,PRIMARY_OPERATING,OTHER_NONFINANCIAL_UNVERIFIED,P2_GENERAL_SCREEN,NO,NO,NO,2026-10-09,GENERAL_244_AI_STATUS_UNKNOWN,PENDING,PENDING,PENDING,PENDING,PENDING
0000040987,GPC,,Genuine Parts Company,Consumer Discretionary,Distributors,PRIMARY_OPERATING,OTHER_NONFINANCIAL_UNVERIFIED,P2_GENERAL_SCREEN,NO,NO,NO,2026-10-09,GENERAL_244_AI_STATUS_UNKNOWN,PENDING,PENDING,PENDING,PENDING,PENDING
0000045012,HAL,,Halliburton,Energy,Oil & Gas Equipment & Services,PRIMARY_OPERATING,OTHER_NONFINANCIAL_UNVERIFIED,P2_GENERAL_SCREEN,NO,NO,NO,2026-10-09,GENERAL_244_AI_STATUS_UNKNOWN,PENDING,PENDING,PENDING,PENDING,PENDING
0000046080,HAS,,Hasbro,Consumer Discretionary,Leisure Products,PRIMARY_OPERATING,OTHER_NONFINANCIAL_UNVERIFIED,P2_GENERAL_SCREEN,NO,NO,NO,2026-10-09,GENERAL_244_AI_STATUS_UNKNOWN,PENDING,PENDING,PENDING,PENDING,PENDING
0000860730,HCA,,HCA Healthcare,Health Care,Health Care Facilities,PRIMARY_OPERATING,OTHER_NONFINANCIAL_UNVERIFIED,P2_GENERAL_SCREEN,NO,NO,NO,2026-10-09,GENERAL_244_AI_STATUS_UNKNOWN,PENDING,PENDING,PENDING,PENDING,PENDING
0000354950,HD,,Home Depot (The),Consumer Discretionary,Home Improvement Retail,PRIMARY_OPERATING,OTHER_NONFINANCIAL_UNVERIFIED,P2_GENERAL_SCREEN,NO,NO,NO,2026-10-09,GENERAL_244_AI_STATUS_UNKNOWN,PENDING,PENDING,PENDING,PENDING,PENDING
0001501585,HII,,Huntington Ingalls Industries,Industrials,Aerospace & Defense,PRIMARY_OPERATING,OTHER_NONFINANCIAL_UNVERIFIED,P2_GENERAL_SCREEN,NO,NO,NO,2026-10-09,GENERAL_244_AI_STATUS_UNKNOWN,PENDING,PENDING,PENDING,PENDING,PENDING
0001585689,HLT,,Hilton Worldwide,Consumer Discretionary,"Hotels, Resorts & Cruise Lines",PRIMARY_OPERATING,OTHER_NONFINANCIAL_UNVERIFIED,P2_GENERAL_SCREEN,NO,NO,NO,2026-10-09,GENERAL_244_AI_STATUS_UNKNOWN,PENDING,PENDING,PENDING,PENDING,PENDING
0000773840,HON,,Honeywell Technologies,Industrials,Industrial Conglomerates,PRIMARY_OPERATING,OTHER_NONFINANCIAL_UNVERIFIED,P2_GENERAL_SCREEN,NO,NO,NO,2026-10-09,GENERAL_244_AI_STATUS_UNKNOWN,PENDING,PENDING,PENDING,PENDING,PENDING
0002089271,HONA,,Honeywell Aerospace,Industrials,Aerospace & Defense,PRIMARY_OPERATING,OTHER_NONFINANCIAL_UNVERIFIED,P2_GENERAL_SCREEN,NO,NO,NO,2026-10-09,GENERAL_244_AI_STATUS_UNKNOWN,PENDING,PENDING,PENDING,PENDING,PENDING
0000048465,HRL,,Hormel Foods,Consumer Staples,Packaged Foods & Meats,PRIMARY_OPERATING,OTHER_NONFINANCIAL_UNVERIFIED,P2_GENERAL_SCREEN,NO,NO,NO,2026-10-09,GENERAL_244_AI_STATUS_UNKNOWN,PENDING,PENDING,PENDING,PENDING,PENDING
0001000228,HSIC,,Henry Schein,Health Care,Health Care Distributors,PRIMARY_OPERATING,OTHER_NONFINANCIAL_UNVERIFIED,P2_GENERAL_SCREEN,NO,NO,NO,2026-10-09,GENERAL_244_AI_STATUS_UNKNOWN,PENDING,PENDING,PENDING,PENDING,PENDING
0000047111,HSY,,Hershey Company (The),Consumer Staples,Packaged Foods & Meats,PRIMARY_OPERATING,OTHER_NONFINANCIAL_UNVERIFIED,P2_GENERAL_SCREEN,NO,NO,NO,2026-10-09,GENERAL_244_AI_STATUS_UNKNOWN,PENDING,PENDING,PENDING,PENDING,PENDING
0000049071,HUM,,Humana,Health Care,Managed Health Care,PRIMARY_OPERATING,OTHER_NONFINANCIAL_UNVERIFIED,P2_GENERAL_SCREEN,NO,NO,NO,2026-10-09,GENERAL_244_AI_STATUS_UNKNOWN,PENDING,PENDING,PENDING,PENDING,PENDING
0000004281,HWM,,Howmet Aerospace,Industrials,Aerospace & Defense,PRIMARY_OPERATING,OTHER_NONFINANCIAL_UNVERIFIED,P2_GENERAL_SCREEN,NO,NO,NO,2026-10-09,GENERAL_244_AI_STATUS_UNKNOWN,PENDING,PENDING,PENDING,PENDING,PENDING
0000874716,IDXX,,Idexx Laboratories,Health Care,Health Care Equipment,PRIMARY_OPERATING,OTHER_NONFINANCIAL_UNVERIFIED,P2_GENERAL_SCREEN,NO,NO,NO,2026-10-09,GENERAL_244_AI_STATUS_UNKNOWN,PENDING,PENDING,PENDING,PENDING,PENDING
0000051253,IFF,,International Flavors & Fragrances,Materials,Specialty Chemicals,PRIMARY_OPERATING,OTHER_NONFINANCIAL_UNVERIFIED,P2_GENERAL_SCREEN,NO,NO,NO,2026-10-09,GENERAL_244_AI_STATUS_UNKNOWN,PENDING,PENDING,PENDING,PENDING,PENDING
0001110803,ILMN,,"Illumina, Inc.",Health Care,Life Sciences Tools & Services,PRIMARY_OPERATING,OTHER_NONFINANCIAL_UNVERIFIED,P2_GENERAL_SCREEN,NO,NO,NO,2026-10-09,GENERAL_244_AI_STATUS_UNKNOWN,PENDING,PENDING,PENDING,PENDING,PENDING
0000879169,INCY,,Incyte,Health Care,Biotechnology,PRIMARY_OPERATING,OTHER_NONFINANCIAL_UNVERIFIED,P2_GENERAL_SCREEN,NO,NO,NO,2026-10-09,GENERAL_244_AI_STATUS_UNKNOWN,PENDING,PENDING,PENDING,PENDING,PENDING
0000051434,IP,,International Paper,Materials,Paper & Plastic Packaging Products & Materials,PRIMARY_OPERATING,OTHER_NONFINANCIAL_UNVERIFIED,P2_GENERAL_SCREEN,NO,NO,NO,2026-10-09,GENERAL_244_AI_STATUS_UNKNOWN,PENDING,PENDING,PENDING,PENDING,PENDING
0001478242,IQV,,IQVIA,Health Care,Life Sciences Tools & Services,PRIMARY_OPERATING,OTHER_NONFINANCIAL_UNVERIFIED,P2_GENERAL_SCREEN,NO,NO,NO,2026-10-09,GENERAL_244_AI_STATUS_UNKNOWN,PENDING,PENDING,PENDING,PENDING,PENDING
0001035267,ISRG,,Intuitive Surgical,Health Care,Health Care Equipment,PRIMARY_OPERATING,OTHER_NONFINANCIAL_UNVERIFIED,P2_GENERAL_SCREEN,NO,NO,NO,2026-10-09,GENERAL_244_AI_STATUS_UNKNOWN,PENDING,PENDING,PENDING,PENDING,PENDING
0000728535,JBHT,,J.B. Hunt,Industrials,Cargo Ground Transportation,PRIMARY_OPERATING,OTHER_NONFINANCIAL_UNVERIFIED,P2_GENERAL_SCREEN,NO,NO,NO,2026-10-09,GENERAL_244_AI_STATUS_UNKNOWN,PENDING,PENDING,PENDING,PENDING,PENDING
0000833444,JCI,,Johnson Controls,Industrials,Building Products,PRIMARY_OPERATING,OTHER_NONFINANCIAL_UNVERIFIED,P2_GENERAL_SCREEN,NO,NO,NO,2026-10-09,GENERAL_244_AI_STATUS_UNKNOWN,PENDING,PENDING,PENDING,PENDING,PENDING
0000200406,JNJ,,Johnson & Johnson,Health Care,Pharmaceuticals,PRIMARY_OPERATING,OTHER_NONFINANCIAL_UNVERIFIED,P2_GENERAL_SCREEN,NO,NO,NO,2026-10-09,GENERAL_244_AI_STATUS_UNKNOWN,PENDING,PENDING,PENDING,PENDING,PENDING
0001418135,KDP,,Keurig Dr Pepper,Consumer Staples,Soft Drinks & Non-alcoholic Beverages,PRIMARY_OPERATING,OTHER_NONFINANCIAL_UNVERIFIED,P2_GENERAL_SCREEN,NO,NO,NO,2026-10-09,GENERAL_244_AI_STATUS_UNKNOWN,PENDING,PENDING,PENDING,PENDING,PENDING
0001637459,KHC,,Kraft Heinz,Consumer Staples,Packaged Foods & Meats,PRIMARY_OPERATING,OTHER_NONFINANCIAL_UNVERIFIED,P2_GENERAL_SCREEN,NO,NO,NO,2026-10-09,GENERAL_244_AI_STATUS_UNKNOWN,PENDING,PENDING,PENDING,PENDING,PENDING
0000055785,KMB,,Kimberly-Clark,Consumer Staples,Household Products,PRIMARY_OPERATING,OTHER_NONFINANCIAL_UNVERIFIED,P2_GENERAL_SCREEN,NO,NO,NO,2026-10-09,GENERAL_244_AI_STATUS_UNKNOWN,PENDING,PENDING,PENDING,PENDING,PENDING
0001506307,KMI,,Kinder Morgan,Energy,Oil & Gas Storage & Transportation,PRIMARY_OPERATING,OTHER_NONFINANCIAL_UNVERIFIED,P2_GENERAL_SCREEN,NO,NO,NO,2026-10-09,GENERAL_244_AI_STATUS_UNKNOWN,PENDING,PENDING,PENDING,PENDING,PENDING
0000021344,KO,,Coca-Cola Company (The),Consumer Staples,Soft Drinks & Non-alcoholic Beverages,PRIMARY_OPERATING,OTHER_NONFINANCIAL_UNVERIFIED,P2_GENERAL_SCREEN,NO,NO,NO,2026-10-09,GENERAL_244_AI_STATUS_UNKNOWN,PENDING,PENDING,PENDING,PENDING,PENDING
0000056873,KR,,Kroger,Consumer Staples,Food Retail,PRIMARY_OPERATING,OTHER_NONFINANCIAL_UNVERIFIED,P2_GENERAL_SCREEN,NO,NO,NO,2026-10-09,GENERAL_244_AI_STATUS_UNKNOWN,PENDING,PENDING,PENDING,PENDING,PENDING
0001944048,KVUE,,Kenvue,Consumer Staples,Personal Care Products,PRIMARY_OPERATING,OTHER_NONFINANCIAL_UNVERIFIED,P2_GENERAL_SCREEN,NO,NO,NO,2026-10-09,GENERAL_244_AI_STATUS_UNKNOWN,PENDING,PENDING,PENDING,PENDING,PENDING
0001336920,LDOS,,Leidos,Industrials,Diversified Support Services,PRIMARY_OPERATING,OTHER_NONFINANCIAL_UNVERIFIED,P2_GENERAL_SCREEN,NO,NO,NO,2026-10-09,GENERAL_244_AI_STATUS_UNKNOWN,PENDING,PENDING,PENDING,PENDING,PENDING
0000920760,LEN,,Lennar,Consumer Discretionary,Homebuilding,PRIMARY_OPERATING,OTHER_NONFINANCIAL_UNVERIFIED,P2_GENERAL_SCREEN,NO,NO,NO,2026-10-09,GENERAL_244_AI_STATUS_UNKNOWN,PENDING,PENDING,PENDING,PENDING,PENDING
0000920148,LH,,Labcorp,Health Care,Health Care Services,PRIMARY_OPERATING,OTHER_NONFINANCIAL_UNVERIFIED,P2_GENERAL_SCREEN,NO,NO,NO,2026-10-09,GENERAL_244_AI_STATUS_UNKNOWN,PENDING,PENDING,PENDING,PENDING,PENDING
0000202058,LHX,,L3Harris,Industrials,Aerospace & Defense,PRIMARY_OPERATING,OTHER_NONFINANCIAL_UNVERIFIED,P2_GENERAL_SCREEN,NO,NO,NO,2026-10-09,GENERAL_244_AI_STATUS_UNKNOWN,PENDING,PENDING,PENDING,PENDING,PENDING
0001069202,LII,,Lennox International,Industrials,Building Products,PRIMARY_OPERATING,OTHER_NONFINANCIAL_UNVERIFIED,P2_GENERAL_SCREEN,NO,NO,NO,2026-10-09,GENERAL_244_AI_STATUS_UNKNOWN,PENDING,PENDING,PENDING,PENDING,PENDING
0001707925,LIN,,Linde plc,Materials,Industrial Gases,PRIMARY_OPERATING,OTHER_NONFINANCIAL_UNVERIFIED,P2_GENERAL_SCREEN,NO,NO,NO,2026-10-09,GENERAL_244_AI_STATUS_UNKNOWN,PENDING,PENDING,PENDING,PENDING,PENDING
0000059478,LLY,,Lilly (Eli),Health Care,Pharmaceuticals,PRIMARY_OPERATING,OTHER_NONFINANCIAL_UNVERIFIED,P2_GENERAL_SCREEN,NO,NO,NO,2026-10-09,GENERAL_244_AI_STATUS_UNKNOWN,PENDING,PENDING,PENDING,PENDING,PENDING
0000936468,LMT,,Lockheed Martin,Industrials,Aerospace & Defense,PRIMARY_OPERATING,OTHER_NONFINANCIAL_UNVERIFIED,P2_GENERAL_SCREEN,NO,NO,NO,2026-10-09,GENERAL_244_AI_STATUS_UNKNOWN,PENDING,PENDING,PENDING,PENDING,PENDING
0000060667,LOW,,Lowe's,Consumer Discretionary,Home Improvement Retail,PRIMARY_OPERATING,OTHER_NONFINANCIAL_UNVERIFIED,P2_GENERAL_SCREEN,NO,NO,NO,2026-10-09,GENERAL_244_AI_STATUS_UNKNOWN,PENDING,PENDING,PENDING,PENDING,PENDING
0001397187,LULU,,Lululemon Athletica,Consumer Discretionary,"Apparel, Accessories & Luxury Goods",PRIMARY_OPERATING,OTHER_NONFINANCIAL_UNVERIFIED,P2_GENERAL_SCREEN,NO,NO,NO,2026-10-09,GENERAL_244_AI_STATUS_UNKNOWN,PENDING,PENDING,PENDING,PENDING,PENDING
0000092380,LUV,,Southwest Airlines,Industrials,Passenger Airlines,PRIMARY_OPERATING,OTHER_NONFINANCIAL_UNVERIFIED,P2_GENERAL_SCREEN,NO,NO,NO,2026-10-09,GENERAL_244_AI_STATUS_UNKNOWN,PENDING,PENDING,PENDING,PENDING,PENDING
0001300514,LVS,,Las Vegas Sands,Consumer Discretionary,Casinos & Gaming,PRIMARY_OPERATING,OTHER_NONFINANCIAL_UNVERIFIED,P2_GENERAL_SCREEN,NO,NO,NO,2026-10-09,GENERAL_244_AI_STATUS_UNKNOWN,PENDING,PENDING,PENDING,PENDING,PENDING
0001489393,LYB,,LyondellBasell,Materials,Specialty Chemicals,PRIMARY_OPERATING,OTHER_NONFINANCIAL_UNVERIFIED,P2_GENERAL_SCREEN,NO,NO,NO,2026-10-09,GENERAL_244_AI_STATUS_UNKNOWN,PENDING,PENDING,PENDING,PENDING,PENDING
0001048286,MAR,,Marriott International,Consumer Discretionary,"Hotels, Resorts & Cruise Lines",PRIMARY_OPERATING,OTHER_NONFINANCIAL_UNVERIFIED,P2_GENERAL_SCREEN,NO,NO,NO,2026-10-09,GENERAL_244_AI_STATUS_UNKNOWN,PENDING,PENDING,PENDING,PENDING,PENDING
0000062996,MAS,,Masco,Industrials,Building Products,PRIMARY_OPERATING,OTHER_NONFINANCIAL_UNVERIFIED,P2_GENERAL_SCREEN,NO,NO,NO,2026-10-09,GENERAL_244_AI_STATUS_UNKNOWN,PENDING,PENDING,PENDING,PENDING,PENDING
0000063908,MCD,,McDonald's,Consumer Discretionary,Restaurants,PRIMARY_OPERATING,OTHER_NONFINANCIAL_UNVERIFIED,P2_GENERAL_SCREEN,NO,NO,NO,2026-10-09,GENERAL_244_AI_STATUS_UNKNOWN,PENDING,PENDING,PENDING,PENDING,PENDING
0000927653,MCK,,McKesson Corporation,Health Care,Health Care Distributors,PRIMARY_OPERATING,OTHER_NONFINANCIAL_UNVERIFIED,P2_GENERAL_SCREEN,NO,NO,NO,2026-10-09,GENERAL_244_AI_STATUS_UNKNOWN,PENDING,PENDING,PENDING,PENDING,PENDING
0001103982,MDLZ,,Mondelez International,Consumer Staples,Packaged Foods & Meats,PRIMARY_OPERATING,OTHER_NONFINANCIAL_UNVERIFIED,P2_GENERAL_SCREEN,NO,NO,NO,2026-10-09,GENERAL_244_AI_STATUS_UNKNOWN,PENDING,PENDING,PENDING,PENDING,PENDING
0001613103,MDT,,Medtronic,Health Care,Health Care Equipment,PRIMARY_OPERATING,OTHER_NONFINANCIAL_UNVERIFIED,P2_GENERAL_SCREEN,NO,NO,NO,2026-10-09,GENERAL_244_AI_STATUS_UNKNOWN,PENDING,PENDING,PENDING,PENDING,PENDING
0000789570,MGM,,MGM Resorts,Consumer Discretionary,Casinos & Gaming,PRIMARY_OPERATING,OTHER_NONFINANCIAL_UNVERIFIED,P2_GENERAL_SCREEN,NO,NO,NO,2026-10-09,GENERAL_244_AI_STATUS_UNKNOWN,PENDING,PENDING,PENDING,PENDING,PENDING
0000063754,MKC,,McCormick & Company,Consumer Staples,Packaged Foods & Meats,PRIMARY_OPERATING,OTHER_NONFINANCIAL_UNVERIFIED,P2_GENERAL_SCREEN,NO,NO,NO,2026-10-09,GENERAL_244_AI_STATUS_UNKNOWN,PENDING,PENDING,PENDING,PENDING,PENDING
0000916076,MLM,,Martin Marietta Materials,Materials,Construction Materials,PRIMARY_OPERATING,OTHER_NONFINANCIAL_UNVERIFIED,P2_GENERAL_SCREEN,NO,NO,NO,2026-10-09,GENERAL_244_AI_STATUS_UNKNOWN,PENDING,PENDING,PENDING,PENDING,PENDING
0000066740,MMM,,3M,Industrials,Industrial Conglomerates,PRIMARY_OPERATING,OTHER_NONFINANCIAL_UNVERIFIED,P2_GENERAL_SCREEN,NO,NO,NO,2026-10-09,GENERAL_244_AI_STATUS_UNKNOWN,PENDING,PENDING,PENDING,PENDING,PENDING
0000865752,MNST,,Monster Beverage,Consumer Staples,Soft Drinks & Non-alcoholic Beverages,PRIMARY_OPERATING,OTHER_NONFINANCIAL_UNVERIFIED,P2_GENERAL_SCREEN,NO,NO,NO,2026-10-09,GENERAL_244_AI_STATUS_UNKNOWN,PENDING,PENDING,PENDING,PENDING,PENDING
0000764180,MO,,Altria,Consumer Staples,Tobacco,PRIMARY_OPERATING,OTHER_NONFINANCIAL_UNVERIFIED,P2_GENERAL_SCREEN,NO,NO,NO,2026-10-09,GENERAL_244_AI_STATUS_UNKNOWN,PENDING,PENDING,PENDING,PENDING,PENDING
0001285785,MOS,,Mosaic Company (The),Materials,Fertilizers & Agricultural Chemicals,PRIMARY_OPERATING,OTHER_NONFINANCIAL_UNVERIFIED,P2_GENERAL_SCREEN,NO,NO,NO,2026-10-09,GENERAL_244_AI_STATUS_UNKNOWN,PENDING,PENDING,PENDING,PENDING,PENDING
0001510295,MPC,,Marathon Petroleum,Energy,Oil & Gas Refining & Marketing,PRIMARY_OPERATING,OTHER_NONFINANCIAL_UNVERIFIED,P2_GENERAL_SCREEN,NO,NO,NO,2026-10-09,GENERAL_244_AI_STATUS_UNKNOWN,PENDING,PENDING,PENDING,PENDING,PENDING
0000310158,MRK,,Merck & Co.,Health Care,Pharmaceuticals,PRIMARY_OPERATING,OTHER_NONFINANCIAL_UNVERIFIED,P2_GENERAL_SCREEN,NO,NO,NO,2026-10-09,GENERAL_244_AI_STATUS_UNKNOWN,PENDING,PENDING,PENDING,PENDING,PENDING
0001682852,MRNA,,Moderna,Health Care,Biotechnology,PRIMARY_OPERATING,OTHER_NONFINANCIAL_UNVERIFIED,P2_GENERAL_SCREEN,NO,NO,NO,2026-10-09,GENERAL_244_AI_STATUS_UNKNOWN,PENDING,PENDING,PENDING,PENDING,PENDING
0001037646,MTD,,Mettler Toledo,Health Care,Life Sciences Tools & Services,PRIMARY_OPERATING,OTHER_NONFINANCIAL_UNVERIFIED,P2_GENERAL_SCREEN,NO,NO,NO,2026-10-09,GENERAL_244_AI_STATUS_UNKNOWN,PENDING,PENDING,PENDING,PENDING,PENDING
0001513761,NCLH,,Norwegian Cruise Line Holdings,Consumer Discretionary,"Hotels, Resorts & Cruise Lines",PRIMARY_OPERATING,OTHER_NONFINANCIAL_UNVERIFIED,P2_GENERAL_SCREEN,NO,NO,NO,2026-10-09,GENERAL_244_AI_STATUS_UNKNOWN,PENDING,PENDING,PENDING,PENDING,PENDING
0001164727,NEM,,Newmont,Materials,Gold,PRIMARY_OPERATING,OTHER_NONFINANCIAL_UNVERIFIED,P2_GENERAL_SCREEN,NO,NO,NO,2026-10-09,GENERAL_244_AI_STATUS_UNKNOWN,PENDING,PENDING,PENDING,PENDING,PENDING
0000320187,NKE,,"Nike, Inc.",Consumer Discretionary,"Apparel, Accessories & Luxury Goods",PRIMARY_OPERATING,OTHER_NONFINANCIAL_UNVERIFIED,P2_GENERAL_SCREEN,NO,NO,NO,2026-10-09,GENERAL_244_AI_STATUS_UNKNOWN,PENDING,PENDING,PENDING,PENDING,PENDING
0001133421,NOC,,Northrop Grumman,Industrials,Aerospace & Defense,PRIMARY_OPERATING,OTHER_NONFINANCIAL_UNVERIFIED,P2_GENERAL_SCREEN,NO,NO,NO,2026-10-09,GENERAL_244_AI_STATUS_UNKNOWN,PENDING,PENDING,PENDING,PENDING,PENDING
0000702165,NSC,,Norfolk Southern,Industrials,Rail Transportation,PRIMARY_OPERATING,OTHER_NONFINANCIAL_UNVERIFIED,P2_GENERAL_SCREEN,NO,NO,NO,2026-10-09,GENERAL_244_AI_STATUS_UNKNOWN,PENDING,PENDING,PENDING,PENDING,PENDING
0000073309,NUE,,Nucor,Materials,Steel,PRIMARY_OPERATING,OTHER_NONFINANCIAL_UNVERIFIED,P2_GENERAL_SCREEN,NO,NO,NO,2026-10-09,GENERAL_244_AI_STATUS_UNKNOWN,PENDING,PENDING,PENDING,PENDING,PENDING
0000906163,NVR,,"NVR, Inc.",Consumer Discretionary,Homebuilding,PRIMARY_OPERATING,OTHER_NONFINANCIAL_UNVERIFIED,P2_GENERAL_SCREEN,NO,NO,NO,2026-10-09,GENERAL_244_AI_STATUS_UNKNOWN,PENDING,PENDING,PENDING,PENDING,PENDING
0000878927,ODFL,,Old Dominion,Industrials,Cargo Ground Transportation,PRIMARY_OPERATING,OTHER_NONFINANCIAL_UNVERIFIED,P2_GENERAL_SCREEN,NO,NO,NO,2026-10-09,GENERAL_244_AI_STATUS_UNKNOWN,PENDING,PENDING,PENDING,PENDING,PENDING
0001039684,OKE,,Oneok,Energy,Oil & Gas Storage & Transportation,PRIMARY_OPERATING,OTHER_NONFINANCIAL_UNVERIFIED,P2_GENERAL_SCREEN,NO,NO,NO,2026-10-09,GENERAL_244_AI_STATUS_UNKNOWN,PENDING,PENDING,PENDING,PENDING,PENDING
0000898173,ORLY,,O'Reilly Automotive,Consumer Discretionary,Automotive Retail,PRIMARY_OPERATING,OTHER_NONFINANCIAL_UNVERIFIED,P2_GENERAL_SCREEN,NO,NO,NO,2026-10-09,GENERAL_244_AI_STATUS_UNKNOWN,PENDING,PENDING,PENDING,PENDING,PENDING
0000797468,OXY,,Occidental Petroleum,Energy,Oil & Gas Exploration & Production,PRIMARY_OPERATING,OTHER_NONFINANCIAL_UNVERIFIED,P2_GENERAL_SCREEN,NO,NO,NO,2026-10-09,GENERAL_244_AI_STATUS_UNKNOWN,PENDING,PENDING,PENDING,PENDING,PENDING
0000723531,PAYX,,Paychex,Industrials,Human Resource & Employment Services,PRIMARY_OPERATING,OTHER_NONFINANCIAL_UNVERIFIED,P2_GENERAL_SCREEN,NO,NO,NO,2026-10-09,GENERAL_244_AI_STATUS_UNKNOWN,PENDING,PENDING,PENDING,PENDING,PENDING
0000075362,PCAR,,Paccar,Industrials,Construction Machinery & Heavy Transportation Equipment,PRIMARY_OPERATING,OTHER_NONFINANCIAL_UNVERIFIED,P2_GENERAL_SCREEN,NO,NO,NO,2026-10-09,GENERAL_244_AI_STATUS_UNKNOWN,PENDING,PENDING,PENDING,PENDING,PENDING
0000077476,PEP,,PepsiCo,Consumer Staples,Soft Drinks & Non-alcoholic Beverages,PRIMARY_OPERATING,OTHER_NONFINANCIAL_UNVERIFIED,P2_GENERAL_SCREEN,NO,NO,NO,2026-10-09,GENERAL_244_AI_STATUS_UNKNOWN,PENDING,PENDING,PENDING,PENDING,PENDING
0000078003,PFE,,Pfizer,Health Care,Pharmaceuticals,PRIMARY_OPERATING,OTHER_NONFINANCIAL_UNVERIFIED,P2_GENERAL_SCREEN,NO,NO,NO,2026-10-09,GENERAL_244_AI_STATUS_UNKNOWN,PENDING,PENDING,PENDING,PENDING,PENDING
0000080424,PG,,Procter & Gamble,Consumer Staples,Personal Care Products,PRIMARY_OPERATING,OTHER_NONFINANCIAL_UNVERIFIED,P2_GENERAL_SCREEN,NO,NO,NO,2026-10-09,GENERAL_244_AI_STATUS_UNKNOWN,PENDING,PENDING,PENDING,PENDING,PENDING
0000822416,PHM,,PulteGroup,Consumer Discretionary,Homebuilding,PRIMARY_OPERATING,OTHER_NONFINANCIAL_UNVERIFIED,P2_GENERAL_SCREEN,NO,NO,NO,2026-10-09,GENERAL_244_AI_STATUS_UNKNOWN,PENDING,PENDING,PENDING,PENDING,PENDING
0000075677,PKG,,Packaging Corporation of America,Materials,Paper & Plastic Packaging Products & Materials,PRIMARY_OPERATING,OTHER_NONFINANCIAL_UNVERIFIED,P2_GENERAL_SCREEN,NO,NO,NO,2026-10-09,GENERAL_244_AI_STATUS_UNKNOWN,PENDING,PENDING,PENDING,PENDING,PENDING
0001413329,PM,,Philip Morris International,Consumer Staples,Tobacco,PRIMARY_OPERATING,OTHER_NONFINANCIAL_UNVERIFIED,P2_GENERAL_SCREEN,NO,NO,NO,2026-10-09,GENERAL_244_AI_STATUS_UNKNOWN,PENDING,PENDING,PENDING,PENDING,PENDING
0001145197,PODD,,Insulet Corporation,Health Care,Health Care Equipment,PRIMARY_OPERATING,OTHER_NONFINANCIAL_UNVERIFIED,P2_GENERAL_SCREEN,NO,NO,NO,2026-10-09,GENERAL_244_AI_STATUS_UNKNOWN,PENDING,PENDING,PENDING,PENDING,PENDING
0000079879,PPG,,PPG Industries,Materials,Specialty Chemicals,PRIMARY_OPERATING,OTHER_NONFINANCIAL_UNVERIFIED,P2_GENERAL_SCREEN,NO,NO,NO,2026-10-09,GENERAL_244_AI_STATUS_UNKNOWN,PENDING,PENDING,PENDING,PENDING,PENDING
0001534701,PSX,,Phillips 66,Energy,Oil & Gas Refining & Marketing,PRIMARY_OPERATING,OTHER_NONFINANCIAL_UNVERIFIED,P2_GENERAL_SCREEN,NO,NO,NO,2026-10-09,GENERAL_244_AI_STATUS_UNKNOWN,PENDING,PENDING,PENDING,PENDING,PENDING
0000884887,RCL,,Royal Caribbean Group,Consumer Discretionary,"Hotels, Resorts & Cruise Lines",PRIMARY_OPERATING,OTHER_NONFINANCIAL_UNVERIFIED,P2_GENERAL_SCREEN,NO,NO,NO,2026-10-09,GENERAL_244_AI_STATUS_UNKNOWN,PENDING,PENDING,PENDING,PENDING,PENDING
0000872589,REGN,,Regeneron Pharmaceuticals,Health Care,Biotechnology,PRIMARY_OPERATING,OTHER_NONFINANCIAL_UNVERIFIED,P2_GENERAL_SCREEN,NO,NO,NO,2026-10-09,GENERAL_244_AI_STATUS_UNKNOWN,PENDING,PENDING,PENDING,PENDING,PENDING
0001037038,RL,,Ralph Lauren Corporation,Consumer Discretionary,"Apparel, Accessories & Luxury Goods",PRIMARY_OPERATING,OTHER_NONFINANCIAL_UNVERIFIED,P2_GENERAL_SCREEN,NO,NO,NO,2026-10-09,GENERAL_244_AI_STATUS_UNKNOWN,PENDING,PENDING,PENDING,PENDING,PENDING
0000943819,RMD,,ResMed|,Health Care,Health Care Equipment,PRIMARY_OPERATING,OTHER_NONFINANCIAL_UNVERIFIED,P2_GENERAL_SCREEN,NO,NO,NO,2026-10-09,GENERAL_244_AI_STATUS_UNKNOWN,PENDING,PENDING,PENDING,PENDING,PENDING
0001024478,ROK,,Rockwell Automation,Industrials,Electrical Components & Equipment,PRIMARY_OPERATING,OTHER_NONFINANCIAL_UNVERIFIED,P2_GENERAL_SCREEN,NO,NO,NO,2026-10-09,GENERAL_244_AI_STATUS_UNKNOWN,PENDING,PENDING,PENDING,PENDING,PENDING
0000084839,ROL,,"Rollins, Inc.",Industrials,Environmental & Facilities Services,PRIMARY_OPERATING,OTHER_NONFINANCIAL_UNVERIFIED,P2_GENERAL_SCREEN,NO,NO,NO,2026-10-09,GENERAL_244_AI_STATUS_UNKNOWN,PENDING,PENDING,PENDING,PENDING,PENDING
0000745732,ROST,,Ross Stores,Consumer Discretionary,Apparel Retail,PRIMARY_OPERATING,OTHER_NONFINANCIAL_UNVERIFIED,P2_GENERAL_SCREEN,NO,NO,NO,2026-10-09,GENERAL_244_AI_STATUS_UNKNOWN,PENDING,PENDING,PENDING,PENDING,PENDING
0001060391,RSG,,Republic Services,Industrials,Environmental & Facilities Services,PRIMARY_OPERATING,OTHER_NONFINANCIAL_UNVERIFIED,P2_GENERAL_SCREEN,NO,NO,NO,2026-10-09,GENERAL_244_AI_STATUS_UNKNOWN,PENDING,PENDING,PENDING,PENDING,PENDING
0000101829,RTX,,RTX Corporation,Industrials,Aerospace & Defense,PRIMARY_OPERATING,OTHER_NONFINANCIAL_UNVERIFIED,P2_GENERAL_SCREEN,NO,NO,NO,2026-10-09,GENERAL_244_AI_STATUS_UNKNOWN,PENDING,PENDING,PENDING,PENDING,PENDING
0000031791,RVTY,,Revvity,Health Care,Health Care Equipment,PRIMARY_OPERATING,OTHER_NONFINANCIAL_UNVERIFIED,P2_GENERAL_SCREEN,NO,NO,NO,2026-10-09,GENERAL_244_AI_STATUS_UNKNOWN,PENDING,PENDING,PENDING,PENDING,PENDING
0000829224,SBUX,,Starbucks,Consumer Discretionary,Restaurants,PRIMARY_OPERATING,OTHER_NONFINANCIAL_UNVERIFIED,P2_GENERAL_SCREEN,NO,NO,NO,2026-10-09,GENERAL_244_AI_STATUS_UNKNOWN,PENDING,PENDING,PENDING,PENDING,PENDING
0000089800,SHW,,Sherwin-Williams,Materials,Specialty Chemicals,PRIMARY_OPERATING,OTHER_NONFINANCIAL_UNVERIFIED,P2_GENERAL_SCREEN,NO,NO,NO,2026-10-09,GENERAL_244_AI_STATUS_UNKNOWN,PENDING,PENDING,PENDING,PENDING,PENDING
0000091419,SJM,,J.M. Smucker Company (The),Consumer Staples,Packaged Foods & Meats,PRIMARY_OPERATING,OTHER_NONFINANCIAL_UNVERIFIED,P2_GENERAL_SCREEN,NO,NO,NO,2026-10-09,GENERAL_244_AI_STATUS_UNKNOWN,PENDING,PENDING,PENDING,PENDING,PENDING
0000087347,SLB,,Schlumberger,Energy,Oil & Gas Equipment & Services,PRIMARY_OPERATING,OTHER_NONFINANCIAL_UNVERIFIED,P2_GENERAL_SCREEN,NO,NO,NO,2026-10-09,GENERAL_244_AI_STATUS_UNKNOWN,PENDING,PENDING,PENDING,PENDING,PENDING
0001964738,SOLV,,Solventum,Health Care,Health Care Technology,PRIMARY_OPERATING,OTHER_NONFINANCIAL_UNVERIFIED,P2_GENERAL_SCREEN,NO,NO,NO,2026-10-09,GENERAL_244_AI_STATUS_UNKNOWN,PENDING,PENDING,PENDING,PENDING,PENDING
0001757898,STE,,Steris,Health Care,Health Care Equipment,PRIMARY_OPERATING,OTHER_NONFINANCIAL_UNVERIFIED,P2_GENERAL_SCREEN,NO,NO,NO,2026-10-09,GENERAL_244_AI_STATUS_UNKNOWN,PENDING,PENDING,PENDING,PENDING,PENDING
0001022671,STLD,,Steel Dynamics,Materials,Steel,PRIMARY_OPERATING,OTHER_NONFINANCIAL_UNVERIFIED,P2_GENERAL_SCREEN,NO,NO,NO,2026-10-09,GENERAL_244_AI_STATUS_UNKNOWN,PENDING,PENDING,PENDING,PENDING,PENDING
0000016918,STZ,,Constellation Brands,Consumer Staples,Distillers & Vintners,PRIMARY_OPERATING,OTHER_NONFINANCIAL_UNVERIFIED,P2_GENERAL_SCREEN,NO,NO,NO,2026-10-09,GENERAL_244_AI_STATUS_UNKNOWN,PENDING,PENDING,PENDING,PENDING,PENDING
0002005951,SW,,Smurfit Westrock,Materials,Paper & Plastic Packaging Products & Materials,PRIMARY_OPERATING,OTHER_NONFINANCIAL_UNVERIFIED,P2_GENERAL_SCREEN,NO,NO,NO,2026-10-09,GENERAL_244_AI_STATUS_UNKNOWN,PENDING,PENDING,PENDING,PENDING,PENDING
0000310764,SYK,,Stryker Corporation,Health Care,Health Care Equipment,PRIMARY_OPERATING,OTHER_NONFINANCIAL_UNVERIFIED,P2_GENERAL_SCREEN,NO,NO,NO,2026-10-09,GENERAL_244_AI_STATUS_UNKNOWN,PENDING,PENDING,PENDING,PENDING,PENDING
0000096021,SYY,,Sysco,Consumer Staples,Food Distributors,PRIMARY_OPERATING,OTHER_NONFINANCIAL_UNVERIFIED,P2_GENERAL_SCREEN,NO,NO,NO,2026-10-09,GENERAL_244_AI_STATUS_UNKNOWN,PENDING,PENDING,PENDING,PENDING,PENDING
0001260221,TDG,,TransDigm Group,Industrials,Aerospace & Defense,PRIMARY_OPERATING,OTHER_NONFINANCIAL_UNVERIFIED,P2_GENERAL_SCREEN,NO,NO,NO,2026-10-09,GENERAL_244_AI_STATUS_UNKNOWN,PENDING,PENDING,PENDING,PENDING,PENDING
0000842023,TECH,,Bio-Techne,Health Care,Life Sciences Tools & Services,PRIMARY_OPERATING,OTHER_NONFINANCIAL_UNVERIFIED,P2_GENERAL_SCREEN,NO,NO,NO,2026-10-09,GENERAL_244_AI_STATUS_UNKNOWN,PENDING,PENDING,PENDING,PENDING,PENDING
0000027419,TGT,,Target Corporation,Consumer Staples,Consumer Staples Merchandise Retail,PRIMARY_OPERATING,OTHER_NONFINANCIAL_UNVERIFIED,P2_GENERAL_SCREEN,NO,NO,NO,2026-10-09,GENERAL_244_AI_STATUS_UNKNOWN,PENDING,PENDING,PENDING,PENDING,PENDING
0000109198,TJX,,TJX Companies,Consumer Discretionary,Apparel Retail,PRIMARY_OPERATING,OTHER_NONFINANCIAL_UNVERIFIED,P2_GENERAL_SCREEN,NO,NO,NO,2026-10-09,GENERAL_244_AI_STATUS_UNKNOWN,PENDING,PENDING,PENDING,PENDING,PENDING
0000097745,TMO,,Thermo Fisher Scientific,Health Care,Life Sciences Tools & Services,PRIMARY_OPERATING,OTHER_NONFINANCIAL_UNVERIFIED,P2_GENERAL_SCREEN,NO,NO,NO,2026-10-09,GENERAL_244_AI_STATUS_UNKNOWN,PENDING,PENDING,PENDING,PENDING,PENDING
0001811074,TPL,,Texas Pacific Land Corporation,Energy,Oil & Gas Exploration & Production,PRIMARY_OPERATING,OTHER_NONFINANCIAL_UNVERIFIED,P2_GENERAL_SCREEN,NO,NO,NO,2026-10-09,GENERAL_244_AI_STATUS_UNKNOWN,PENDING,PENDING,PENDING,PENDING,PENDING
0001116132,TPR,,"Tapestry, Inc.",Consumer Discretionary,"Apparel, Accessories & Luxury Goods",PRIMARY_OPERATING,OTHER_NONFINANCIAL_UNVERIFIED,P2_GENERAL_SCREEN,NO,NO,NO,2026-10-09,GENERAL_244_AI_STATUS_UNKNOWN,PENDING,PENDING,PENDING,PENDING,PENDING
0001389170,TRGP,,Targa Resources,Energy,Oil & Gas Storage & Transportation,PRIMARY_OPERATING,OTHER_NONFINANCIAL_UNVERIFIED,P2_GENERAL_SCREEN,NO,NO,NO,2026-10-09,GENERAL_244_AI_STATUS_UNKNOWN,PENDING,PENDING,PENDING,PENDING,PENDING
0000916365,TSCO,,Tractor Supply,Consumer Discretionary,Other Specialty Retail,PRIMARY_OPERATING,OTHER_NONFINANCIAL_UNVERIFIED,P2_GENERAL_SCREEN,NO,NO,NO,2026-10-09,GENERAL_244_AI_STATUS_UNKNOWN,PENDING,PENDING,PENDING,PENDING,PENDING
0001318605,TSLA,,"Tesla, Inc.",Consumer Discretionary,Automobile Manufacturers,PRIMARY_OPERATING,OTHER_NONFINANCIAL_UNVERIFIED,P2_GENERAL_SCREEN,NO,NO,NO,2026-10-09,GENERAL_244_AI_STATUS_UNKNOWN,PENDING,PENDING,PENDING,PENDING,PENDING
0000100493,TSN,,Tyson Foods,Consumer Staples,Packaged Foods & Meats,PRIMARY_OPERATING,OTHER_NONFINANCIAL_UNVERIFIED,P2_GENERAL_SCREEN,NO,NO,NO,2026-10-09,GENERAL_244_AI_STATUS_UNKNOWN,PENDING,PENDING,PENDING,PENDING,PENDING
0001466258,TT,,Trane Technologies,Industrials,Building Products,PRIMARY_OPERATING,OTHER_NONFINANCIAL_UNVERIFIED,P2_GENERAL_SCREEN,NO,NO,NO,2026-10-09,GENERAL_244_AI_STATUS_UNKNOWN,PENDING,PENDING,PENDING,PENDING,PENDING
0000217346,TXT,,Textron,Industrials,Aerospace & Defense,PRIMARY_OPERATING,OTHER_NONFINANCIAL_UNVERIFIED,P2_GENERAL_SCREEN,NO,NO,NO,2026-10-09,GENERAL_244_AI_STATUS_UNKNOWN,PENDING,PENDING,PENDING,PENDING,PENDING
0000100517,UAL,,United Airlines Holdings,Industrials,Passenger Airlines,PRIMARY_OPERATING,OTHER_NONFINANCIAL_UNVERIFIED,P2_GENERAL_SCREEN,NO,NO,NO,2026-10-09,GENERAL_244_AI_STATUS_UNKNOWN,PENDING,PENDING,PENDING,PENDING,PENDING
0001543151,UBER,,Uber,Industrials,Passenger Ground Transportation,PRIMARY_OPERATING,OTHER_NONFINANCIAL_UNVERIFIED,P2_GENERAL_SCREEN,NO,NO,NO,2026-10-09,GENERAL_244_AI_STATUS_UNKNOWN,PENDING,PENDING,PENDING,PENDING,PENDING
0000352915,UHS,,Universal Health Services,Health Care,Health Care Facilities,PRIMARY_OPERATING,OTHER_NONFINANCIAL_UNVERIFIED,P2_GENERAL_SCREEN,NO,NO,NO,2026-10-09,GENERAL_244_AI_STATUS_UNKNOWN,PENDING,PENDING,PENDING,PENDING,PENDING
0001403568,ULTA,,Ulta Beauty,Consumer Discretionary,Other Specialty Retail,PRIMARY_OPERATING,OTHER_NONFINANCIAL_UNVERIFIED,P2_GENERAL_SCREEN,NO,NO,NO,2026-10-09,GENERAL_244_AI_STATUS_UNKNOWN,PENDING,PENDING,PENDING,PENDING,PENDING
0000731766,UNH,,UnitedHealth Group,Health Care,Managed Health Care,PRIMARY_OPERATING,OTHER_NONFINANCIAL_UNVERIFIED,P2_GENERAL_SCREEN,NO,NO,NO,2026-10-09,GENERAL_244_AI_STATUS_UNKNOWN,PENDING,PENDING,PENDING,PENDING,PENDING
0000100885,UNP,,Union Pacific Corporation,Industrials,Rail Transportation,PRIMARY_OPERATING,OTHER_NONFINANCIAL_UNVERIFIED,P2_GENERAL_SCREEN,NO,NO,NO,2026-10-09,GENERAL_244_AI_STATUS_UNKNOWN,PENDING,PENDING,PENDING,PENDING,PENDING
0001090727,UPS,,United Parcel Service,Industrials,Air Freight & Logistics,PRIMARY_OPERATING,OTHER_NONFINANCIAL_UNVERIFIED,P2_GENERAL_SCREEN,NO,NO,NO,2026-10-09,GENERAL_244_AI_STATUS_UNKNOWN,PENDING,PENDING,PENDING,PENDING,PENDING
0001067701,URI,,United Rentals,Industrials,Trading Companies & Distributors,PRIMARY_OPERATING,OTHER_NONFINANCIAL_UNVERIFIED,P2_GENERAL_SCREEN,NO,NO,NO,2026-10-09,GENERAL_244_AI_STATUS_UNKNOWN,PENDING,PENDING,PENDING,PENDING,PENDING
0001393052,VEEV,,Veeva Systems,Health Care,Health Care Technology,PRIMARY_OPERATING,OTHER_NONFINANCIAL_UNVERIFIED,P2_GENERAL_SCREEN,NO,NO,NO,2026-10-09,GENERAL_244_AI_STATUS_UNKNOWN,PENDING,PENDING,PENDING,PENDING,PENDING
0001035002,VLO,,Valero Energy,Energy,Oil & Gas Refining & Marketing,PRIMARY_OPERATING,OTHER_NONFINANCIAL_UNVERIFIED,P2_GENERAL_SCREEN,NO,NO,NO,2026-10-09,GENERAL_244_AI_STATUS_UNKNOWN,PENDING,PENDING,PENDING,PENDING,PENDING
0001967680,VLTO,,Veralto,Industrials,Environmental & Facilities Services,PRIMARY_OPERATING,OTHER_NONFINANCIAL_UNVERIFIED,P2_GENERAL_SCREEN,NO,NO,NO,2026-10-09,GENERAL_244_AI_STATUS_UNKNOWN,PENDING,PENDING,PENDING,PENDING,PENDING
0001396009,VMC,,Vulcan Materials Company,Materials,Construction Materials,PRIMARY_OPERATING,OTHER_NONFINANCIAL_UNVERIFIED,P2_GENERAL_SCREEN,NO,NO,NO,2026-10-09,GENERAL_244_AI_STATUS_UNKNOWN,PENDING,PENDING,PENDING,PENDING,PENDING
0001442145,VRSK,,Verisk Analytics,Industrials,Research & Consulting Services,PRIMARY_OPERATING,OTHER_NONFINANCIAL_UNVERIFIED,P2_GENERAL_SCREEN,NO,NO,NO,2026-10-09,GENERAL_244_AI_STATUS_UNKNOWN,PENDING,PENDING,PENDING,PENDING,PENDING
0000875320,VRTX,,Vertex Pharmaceuticals,Health Care,Biotechnology,PRIMARY_OPERATING,OTHER_NONFINANCIAL_UNVERIFIED,P2_GENERAL_SCREEN,NO,NO,NO,2026-10-09,GENERAL_244_AI_STATUS_UNKNOWN,PENDING,PENDING,PENDING,PENDING,PENDING
0001792044,VTRS,,Viatris,Health Care,Pharmaceuticals,PRIMARY_OPERATING,OTHER_NONFINANCIAL_UNVERIFIED,P2_GENERAL_SCREEN,NO,NO,NO,2026-10-09,GENERAL_244_AI_STATUS_UNKNOWN,PENDING,PENDING,PENDING,PENDING,PENDING
0002128626,VYLR,,Vylor,Consumer Staples,Agricultural Products & Services,PRIMARY_OPERATING,OTHER_NONFINANCIAL_UNVERIFIED,P2_GENERAL_SCREEN,NO,NO,NO,2026-10-09,GENERAL_244_AI_STATUS_UNKNOWN,PENDING,PENDING,PENDING,PENDING,PENDING
0000943452,WAB,,Wabtec,Industrials,Construction Machinery & Heavy Transportation Equipment,PRIMARY_OPERATING,OTHER_NONFINANCIAL_UNVERIFIED,P2_GENERAL_SCREEN,NO,NO,NO,2026-10-09,GENERAL_244_AI_STATUS_UNKNOWN,PENDING,PENDING,PENDING,PENDING,PENDING
0001000697,WAT,,Waters Corporation,Health Care,Life Sciences Tools & Services,PRIMARY_OPERATING,OTHER_NONFINANCIAL_UNVERIFIED,P2_GENERAL_SCREEN,NO,NO,NO,2026-10-09,GENERAL_244_AI_STATUS_UNKNOWN,PENDING,PENDING,PENDING,PENDING,PENDING
0000823768,WM,,Waste Management,Industrials,Environmental & Facilities Services,PRIMARY_OPERATING,OTHER_NONFINANCIAL_UNVERIFIED,P2_GENERAL_SCREEN,NO,NO,NO,2026-10-09,GENERAL_244_AI_STATUS_UNKNOWN,PENDING,PENDING,PENDING,PENDING,PENDING
0000107263,WMB,,Williams Companies,Energy,Oil & Gas Storage & Transportation,PRIMARY_OPERATING,OTHER_NONFINANCIAL_UNVERIFIED,P2_GENERAL_SCREEN,NO,NO,NO,2026-10-09,GENERAL_244_AI_STATUS_UNKNOWN,PENDING,PENDING,PENDING,PENDING,PENDING
0000104169,WMT,,Walmart,Consumer Staples,Consumer Staples Merchandise Retail,PRIMARY_OPERATING,OTHER_NONFINANCIAL_UNVERIFIED,P2_GENERAL_SCREEN,NO,NO,NO,2026-10-09,GENERAL_244_AI_STATUS_UNKNOWN,PENDING,PENDING,PENDING,PENDING,PENDING
0000719955,WSM,,"Williams-Sonoma, Inc.",Consumer Discretionary,Homefurnishing Retail,PRIMARY_OPERATING,OTHER_NONFINANCIAL_UNVERIFIED,P2_GENERAL_SCREEN,NO,NO,NO,2026-10-09,GENERAL_244_AI_STATUS_UNKNOWN,PENDING,PENDING,PENDING,PENDING,PENDING
0000105770,WST,,West Pharmaceutical Services,Health Care,Health Care Supplies,PRIMARY_OPERATING,OTHER_NONFINANCIAL_UNVERIFIED,P2_GENERAL_SCREEN,NO,NO,NO,2026-10-09,GENERAL_244_AI_STATUS_UNKNOWN,PENDING,PENDING,PENDING,PENDING,PENDING
0001174922,WYNN,,Wynn Resorts,Consumer Discretionary,Casinos & Gaming,PRIMARY_OPERATING,OTHER_NONFINANCIAL_UNVERIFIED,P2_GENERAL_SCREEN,NO,NO,NO,2026-10-09,GENERAL_244_AI_STATUS_UNKNOWN,PENDING,PENDING,PENDING,PENDING,PENDING
0002115436,XOM,,ExxonMobil,Energy,Integrated Oil & Gas,PRIMARY_OPERATING,OTHER_NONFINANCIAL_UNVERIFIED,P2_GENERAL_SCREEN,NO,NO,NO,2026-10-09,GENERAL_244_AI_STATUS_UNKNOWN,PENDING,PENDING,PENDING,PENDING,PENDING
0001041061,YUM,,Yum! Brands,Consumer Discretionary,Restaurants,PRIMARY_OPERATING,OTHER_NONFINANCIAL_UNVERIFIED,P2_GENERAL_SCREEN,NO,NO,NO,2026-10-09,GENERAL_244_AI_STATUS_UNKNOWN,PENDING,PENDING,PENDING,PENDING,PENDING
0001136869,ZBH,,Zimmer Biomet,Health Care,Health Care Equipment,PRIMARY_OPERATING,OTHER_NONFINANCIAL_UNVERIFIED,P2_GENERAL_SCREEN,NO,NO,NO,2026-10-09,GENERAL_244_AI_STATUS_UNKNOWN,PENDING,PENDING,PENDING,PENDING,PENDING
0001555280,ZTS,,Zoetis,Health Care,Pharmaceuticals,PRIMARY_OPERATING,OTHER_NONFINANCIAL_UNVERIFIED,P2_GENERAL_SCREEN,NO,NO,NO,2026-10-09,GENERAL_244_AI_STATUS_UNKNOWN,PENDING,PENDING,PENDING,PENDING,PENDING
