"ticker","economic_role","cam_topic_count","cam_inventory_topic","cam_uncertain_tax_topic","auditor_legal_name","icfr_auditor_opinion","pcaob_publication_date","auditor_report_date","pcaob_prior_to_auditor_report","pcaob_selected_audit_deficiency_share","ai_capex_fy2025_usd_m","cam_risk_mismatch_score","cam_topics","sec_10k_source_url","pcaob_report_release"
"MSFT","Builder","2","0","1","Deloitte & Touche LLP","effective_unqualified","2025-03-31","2025-07-30","1","0.14285714285714285","","","revenue_recognition;uncertain_tax_positions","https://www.sec.gov/Archives/edgar/data/789019/000095017025100235/msft-20250630.htm","104-2025-036"
"GOOGL","Builder","1","0","0","Ernst & Young LLP","effective_unqualified","2025-03-31","2026-02-04","1","0.28125","","","loss_contingencies","https://www.sec.gov/Archives/edgar/data/1652044/000165204426000018/goog-20251231.htm","104-2025-037"
"AMZN","Builder","1","0","1","Ernst & Young LLP","effective_unqualified","2025-03-31","2026-02-05","1","0.28125","","","uncertain_tax_positions","https://www.sec.gov/Archives/edgar/data/1018724/000101872426000004/amzn-20251231.htm","104-2025-037"
"META","Builder","2","0","1","Ernst & Young LLP","effective_unqualified","2025-03-31","2026-01-28","1","0.28125","","","loss_contingencies;uncertain_tax_positions","https://www.sec.gov/Archives/edgar/data/1326801/000162828026003942/meta-20251231.htm","104-2025-037"
"ORCL","Builder","1","0","1","Ernst & Young LLP","effective_unqualified","2025-03-31","2025-06-18","1","0.28125","","","uncertain_tax_positions","https://www.sec.gov/Archives/edgar/data/1341439/000095017025087926/orcl-20250531.htm","104-2025-037"
"NVDA","Supplier","1","1","0","PricewaterhouseCoopers LLP","effective_unqualified","2025-03-31","2025-02-26","0","","","","inventory_and_purchase_commitments","https://www.sec.gov/Archives/edgar/data/1045810/000104581025000023/nvda-20250126.htm","104-2025-040"
"AVGO","Supplier","1","0","0","PricewaterhouseCoopers LLP","effective_unqualified","2025-03-31","2025-12-18","1","0.15625","","","software_and_support_revenue","https://www.sec.gov/Archives/edgar/data/1730168/000173016825000121/avgo-20251102.htm","104-2025-040"
"MU","Supplier","1","0","0","PricewaterhouseCoopers LLP","effective_unqualified","2025-03-31","2025-10-03","1","0.15625","","","chips_act_incentives","https://www.sec.gov/Archives/edgar/data/723125/000072312525000028/mu-20250828.htm","104-2025-040"
"VRT","Supplier","2","0","1","Ernst & Young LLP","effective_unqualified","2025-03-31","2026-02-13","1","0.28125","","","uncertain_tax_positions;acquired_intangible_valuation","https://www.sec.gov/Archives/edgar/data/1674101/000167410126000008/vrt-20251231.htm","104-2025-037"
"ANET","Supplier","1","1","0","Ernst & Young LLP","effective_unqualified","2025-03-31","2026-02-13","1","0.28125","","","inventory_and_supplier_liabilities","https://www.sec.gov/Archives/edgar/data/1596532/000159653226000013/anet-20251231.htm","104-2025-037"
