original_name,canonical_concept,data_type,transformation,source,timing,compiler_status,confidence
SEGMENTS,organizational_complexity_segments,count,none,Compustat_segment,source_exact_timing_pending,READY_PENDING_TIMING,HIGH
FOREIGN_SALES,international_complexity,source_exact_pending,source_exact_pending,Compustat_segment,pending,BLOCKED,MEDIUM
M&A,acquisition_activity,binary,paper_definition,Compustat,pending,PARTIAL,MEDIUM
RESTRUCTURE,restructuring_activity,binary,paper_definition,Compustat,pending,PARTIAL,MEDIUM
RGROWTH,rapid_growth,ranked_continuous,decile_rank_average_sales_growth,Compustat_12,2002_2004,BLOCKED_MISSING_DATA_RULE,MEDIUM
INVENTORY,inventory_complexity,ratio,inventory_over_total_assets,Compustat,pending,READY_PENDING_TIMING,HIGH
SIZE,firm_scale,continuous,average_market_value_equity_2001_2003_usd_billions,market_data,average_2001_2003,BLOCKED_MISSING_YEAR_RULE,MEDIUM
%LOSS,loss_history,ratio,lookback_window_pending,Compustat,pending,BLOCKED,MEDIUM
RZSCORE,financial_distress,ranked_continuous,modified_z_rank_details_pending,accounting_data,pending,BLOCKED,MEDIUM
AUDITOR_RESIGN,auditor_change,binary,indicator,auditor_change_source,pending,READY_PENDING_TIMING,HIGH
AUDITOR,auditor_market_position,binary,exact_coding_pending,auditor_identity,pending,BLOCKED,MEDIUM
RESTATEMENT,prior_reporting_problem,binary,window_pending,restatement_source,pending,READY_PENDING_WINDOW,HIGH
INST_CON,institutional_ownership_concentration,continuous,formula_pending,institutional_holdings,pending,BLOCKED,MEDIUM
LITIGATION,litigation_risk_industry,binary,SIC_set_pending,industry_classification,pending,BLOCKED,HIGH
