metric,value_usd_millions,period_end,period_type,reference_status
Revenue,331839,2026-06-30,FY,REFERENCE_CONFIRMED
OperatingIncome,155237,2026-06-30,FY,REFERENCE_CONFIRMED
NetIncome,133749,2026-06-30,FY,REFERENCE_CONFIRMED
NetCashFromOperations,182935,2026-06-30,FY,REFERENCE_CONFIRMED
AccountsReceivableNet,80876,2026-06-30,INSTANT,REFERENCE_CONFIRMED
Inventory,1397,2026-06-30,INSTANT,REFERENCE_CONFIRMED
Goodwill,119651,2026-06-30,INSTANT,REFERENCE_CONFIRMED
TotalAssets,758376,2026-06-30,INSTANT,REFERENCE_CONFIRMED
LongTermDebt,31067,2026-06-30,INSTANT,REFERENCE_CONFIRMED
