calendar_quarter,form,period_end,filing_date,filing_lag_days,baseline_2019_lag,change_vs_same_quarter_2019,late_filer,covid_present,accession
Q1-2019,10-Q,2019-03-31,2019-04-24,24,24,0,0,0,0001564590-19-012709
Q2-2019,10-K,2019-06-30,2019-08-01,32,32,0,0,0,0001564590-19-027952
Q3-2019,10-Q,2019-09-30,2019-10-23,23,23,0,0,0,0001564590-19-037549
Q4-2019,10-Q,2019-12-31,2020-01-29,29,29,0,0,0,0001564590-20-002450
Q1-2020,10-Q,2020-03-31,2020-04-29,29,24,5,0,1,0001564590-20-019706
Q2-2020,10-K,2020-06-30,2020-07-30,30,32,-2,0,1,0001564590-20-034944
Q3-2020,10-Q,2020-09-30,2020-10-27,27,23,4,0,1,0001564590-20-047996
Q4-2020,10-Q,2020-12-31,2021-01-26,26,29,-3,0,1,0001564590-21-002316
Q1-2021,10-Q,2021-03-31,2021-04-27,27,24,3,0,1,0001564590-21-020891
Q2-2021,10-K,2021-06-30,2021-07-29,29,32,-3,0,1,0001564590-21-039151
