variable,col1_coefficient,col1_chi2,col1_sig,col2_coefficient,col2_chi2,col2_sig,col3_coefficient,col3_chi2,col3_sig
INTERCEPT,-2.182,129.95,***,-2.200,57.61,***,-2.650,18.35,***
MARKETCAP,-0.080,12.20,***,-0.105,11.78,***,-0.018,0.11,
FIRM AGE,-0.136,8.30,**,-0.134,6.12,**,-0.338,11.76,***
AGGREGATE LOSSES,0.438,19.95,***,0.331,9.48,**,0.329,3.76,*
BANKRUPTCY RISK,,,,0.038,3.81,*,0.090,7.89,**
SPEs,0.161,13.70,***,0.153,11.38,***,0.040,0.35,
SEGMENTS,0.269,14.04,***,0.303,15.21,***,0.291,5.83,**
FOREIGN TRANSACTIONS,0.311,7.60,**,0.320,7.31,**,0.448,6.10,**
ACQUISITION VALUE,0.763,3.07,*,0.682,2.18,,0.185,0.07,
EXTREME SALES GROWTH,0.227,4.45,*,0.262,5.06,*,0.311,2.83,*
RESTRUCTURING CHARGE,1.184,6.62,**,2.148,10.89,**,2.510,5.73,**
GOVERNANCE SCORE,,,,,,,0.011,0.26,
