dataset_id,domain,dataset_name,provider,access_type,source_url,license_or_terms,republication_rule,research_use,aws_resource
aws-sec-edgar-sample,"Accounting|Audit|Finance","SEC EDGAR Filings SAMPLE","Rearc via AWS Marketplace","Free subscription","https://aws.amazon.com/marketplace/pp/prodview-azxnjkvdhet66","SEC source is public domain; AWS Marketplace/Rearc terms also apply","Registry/link only; do not republish vendor-delivered files without checking terms","SEC filing NLP; XBRL; CAM/KAM; financial reporting; audit analytics","AWS Data Exchange / S3"
aws-sec-10k,"Accounting|Audit|Finance","EDGAR Company Filing Dataset - Form Type 10-K","Rearc via AWS Marketplace","Free subscription","https://aws.amazon.com/marketplace/pp/prodview-k65p3l3pdyqfw","SEC public access; AWS Marketplace/Rearc terms apply","Registry/link only; obtain raw data from authorized source","10-K text; disclosure; audit risk; CAM/KAM; fraud; filing behavior","AWS Data Exchange / S3"
aws-worldbank-gdp,"Finance|Economics","GDP in US$ | World Bank Open Data","World Bank via Rearc/AWS Marketplace","Free subscription","https://aws.amazon.com/marketplace/pp/prodview-qzuyyyowu3uq2","CC-BY-4.0","May be reused with attribution subject to source terms","Macroeconomic stress layer; cross-country accounting and finance research","AWS Data Exchange / S3"
aws-worldbank-cpi,"Finance|Economics","Consumer Price Index | World Bank Open Data","World Bank via Rearc/AWS Marketplace","Free subscription","https://aws.amazon.com/marketplace/pp/prodview-anruunv6l6ynw","CC-BY-4.0","May be reused with attribution subject to source terms","Inflation layer; earnings pressure; valuation; audit-risk controls","AWS Data Exchange"
aws-worldbank-unemployment,"Finance|Economics","Unemployment (% of Total Labor Force) | World Bank Open Data","World Bank via Rearc/AWS Marketplace","Free subscription","https://aws.amazon.com/marketplace/pp/prodview-oghloedx5xx2k","CC-BY-4.0","May be reused with attribution subject to source terms","Economic-stress layer; going concern; impairment; credit risk","AWS Data Exchange"
aws-open-ceda,"ESG|Carbon Accounting|Supply Chain","Open CEDA by Watershed","Watershed / Open CEDA","AWS Open Data","https://registry.opendata.aws/open-ceda/","See Open CEDA documentation","Use according to Open CEDA terms; registry provides direct provenance","Scope 3 GHG measurement; carbon accounting; sustainable spend; ESG assurance","Public S3 bucket: s3://open-ceda/"
aws-climate-trace-mbers,"ESG|Carbon|Energy","Marginal Build Emissions Rates (MBERs)","Climate TRACE","AWS Open Data","https://registry.opendata.aws/mbers-open-data/","Free; no license restrictions stated by registry","Open data; cite source and access date","GHG Protocol-aligned project analysis; emissions assurance; transition-risk research","Public S3 bucket: s3://mbers-open-data/"
aws-global-carbon-budget,"ESG|Climate|Carbon","Global Carbon Budget Data","Global Carbon Budget Office","AWS Open Data","https://registry.opendata.aws/gcbo-dataset/","Open Data; no restrictions stated by registry","Open data; cite source and access date","Carbon-accounting context; climate-risk controls; ESG macro layer","AWS Open Data"
aws-nasa-nex,"ESG|Climate Risk","NASA Earth Exchange (NEX) Data Collection","NASA","AWS Open Data","https://registry.opendata.aws/nasanex/","US Government work","Open government data; cite source and access date","Physical climate-risk scenarios; asset impairment; ESG risk; assurance research","AWS Open Data / S3"
