"journal","ft50_list_vintage","ajg2024_rating_if_validated","curated_papers","coverage_status","note"
"Academy of Management Annals","2026 updated","not individually checked","0","Not systematically screened; do NOT interpret as zero papers","2026 FT50 list; as-of 2026-10-10"
"Academy of Management Journal","2026 updated","not individually checked","0","Not systematically screened; do NOT interpret as zero papers","2026 FT50 list; as-of 2026-10-10"
"Academy of Management Review","2026 updated","not individually checked","0","Not systematically screened; do NOT interpret as zero papers","2026 FT50 list; as-of 2026-10-10"
"The Accounting Review","2026 updated","4*","1","Curated examples; not exhaustive","2026 FT50 list; as-of 2026-10-10"
"Accounting, Organizations and Society","2026 updated","not individually checked","0","Not systematically screened; do NOT interpret as zero papers","2026 FT50 list; as-of 2026-10-10"
"Administrative Science Quarterly","2026 updated","not individually checked","0","Not systematically screened; do NOT interpret as zero papers","2026 FT50 list; as-of 2026-10-10"
"American Economic Review","2026 updated","not individually checked","0","Not systematically screened; do NOT interpret as zero papers","2026 FT50 list; as-of 2026-10-10"
"American Sociological Review","2026 updated","not individually checked","0","Not systematically screened; do NOT interpret as zero papers","2026 FT50 list; as-of 2026-10-10"
"Contemporary Accounting Research","2026 updated","4","1","Curated examples; not exhaustive","2026 FT50 list; as-of 2026-10-10"
"Econometrica","2026 updated","not individually checked","0","Not systematically screened; do NOT interpret as zero papers","2026 FT50 list; as-of 2026-10-10"
"Entrepreneurship Theory and Practice","2026 updated","not individually checked","0","Not systematically screened; do NOT interpret as zero papers","2026 FT50 list; as-of 2026-10-10"
"Harvard Business Review","2026 updated","not individually checked","0","Not systematically screened; do NOT interpret as zero papers","2026 FT50 list; as-of 2026-10-10"
"Human Resource Management","2026 updated","not individually checked","0","Not systematically screened; do NOT interpret as zero papers","2026 FT50 list; as-of 2026-10-10"
"Information Systems Research","2026 updated","4*","7","Curated examples; not exhaustive","2026 FT50 list; as-of 2026-10-10"
"Journal of Accounting and Economics","2026 updated","not individually checked","0","Not systematically screened; do NOT interpret as zero papers","2026 FT50 list; as-of 2026-10-10"
"Journal of Accounting Research","2026 updated","4*","9","Curated examples; not exhaustive","2026 FT50 list; as-of 2026-10-10"
"Journal of Applied Psychology","2026 updated","not individually checked","0","Not systematically screened; do NOT interpret as zero papers","2026 FT50 list; as-of 2026-10-10"
"Journal of Business Venturing","2026 updated","not individually checked","0","Not systematically screened; do NOT interpret as zero papers","2026 FT50 list; as-of 2026-10-10"
"Journal of Consumer Psychology","2026 updated","not individually checked","0","Not systematically screened; do NOT interpret as zero papers","2026 FT50 list; as-of 2026-10-10"
"Journal of Consumer Research","2026 updated","not individually checked","0","Not systematically screened; do NOT interpret as zero papers","2026 FT50 list; as-of 2026-10-10"
"Journal of Finance","2026 updated","not individually checked","0","Not systematically screened; do NOT interpret as zero papers","2026 FT50 list; as-of 2026-10-10"
"Journal of Financial and Quantitative Analysis","2026 updated","not individually checked","0","Not systematically screened; do NOT interpret as zero papers","2026 FT50 list; as-of 2026-10-10"
"Journal of Financial Economics","2026 updated","4*","6","Curated examples; not exhaustive","2026 FT50 list; as-of 2026-10-10"
"Journal of International Business Studies","2026 updated","not individually checked","0","Not systematically screened; do NOT interpret as zero papers","2026 FT50 list; as-of 2026-10-10"
"Journal of Management","2026 updated","not individually checked","0","Not systematically screened; do NOT interpret as zero papers","2026 FT50 list; as-of 2026-10-10"
"Journal of Management Information Systems","2026 updated","not individually checked","0","Not systematically screened; do NOT interpret as zero papers","2026 FT50 list; as-of 2026-10-10"
"Journal of Management Studies","2026 updated","not individually checked","0","Not systematically screened; do NOT interpret as zero papers","2026 FT50 list; as-of 2026-10-10"
"Journal of Marketing","2026 updated","not individually checked","0","Not systematically screened; do NOT interpret as zero papers","2026 FT50 list; as-of 2026-10-10"
"Journal of Marketing Research","2026 updated","not individually checked","0","Not systematically screened; do NOT interpret as zero papers","2026 FT50 list; as-of 2026-10-10"
"Journal of Operations Management","2026 updated","not individually checked","0","Not systematically screened; do NOT interpret as zero papers","2026 FT50 list; as-of 2026-10-10"
"Journal of Political Economy","2026 updated","not individually checked","0","Not systematically screened; do NOT interpret as zero papers","2026 FT50 list; as-of 2026-10-10"
"Journal of the Academy of Marketing Science","2026 updated","not individually checked","0","Not systematically screened; do NOT interpret as zero papers","2026 FT50 list; as-of 2026-10-10"
"Management Science","2026 updated","4*","7","Curated examples; not exhaustive","2026 FT50 list; as-of 2026-10-10"
"Manufacturing and Service Operations Management","2026 updated","not individually checked","0","Not systematically screened; do NOT interpret as zero papers","2026 FT50 list; as-of 2026-10-10"
"Marketing Science","2026 updated","4*","3","Curated examples; not exhaustive","2026 FT50 list; as-of 2026-10-10"
"MIS Quarterly","2026 updated","not individually checked","0","Not systematically screened; do NOT interpret as zero papers","2026 FT50 list; as-of 2026-10-10"
"MIT Sloan Management Review","2026 updated","not individually checked","0","Not systematically screened; do NOT interpret as zero papers","2026 FT50 list; as-of 2026-10-10"
"Operations Research","2026 updated","not individually checked","0","Not systematically screened; do NOT interpret as zero papers","2026 FT50 list; as-of 2026-10-10"
"Organization Science","2026 updated","not individually checked","0","Not systematically screened; do NOT interpret as zero papers","2026 FT50 list; as-of 2026-10-10"
"Organizational Behavior and Human Decision Processes","2026 updated","not individually checked","0","Not systematically screened; do NOT interpret as zero papers","2026 FT50 list; as-of 2026-10-10"
"Production and Operations Management","2026 updated","not individually checked","0","Not systematically screened; do NOT interpret as zero papers","2026 FT50 list; as-of 2026-10-10"
"Psychological Science","2026 updated","not individually checked","0","Not systematically screened; do NOT interpret as zero papers","2026 FT50 list; as-of 2026-10-10"
"Quarterly Journal of Economics","2026 updated","4*","1","Curated examples; not exhaustive","2026 FT50 list; as-of 2026-10-10"
"Research Policy","2026 updated","not individually checked","0","Not systematically screened; do NOT interpret as zero papers","2026 FT50 list; as-of 2026-10-10"
"Review of Accounting Studies","2026 updated","4","4","Curated examples; not exhaustive","2026 FT50 list; as-of 2026-10-10"
"Review of Economic Studies","2026 updated","not individually checked","0","Not systematically screened; do NOT interpret as zero papers","2026 FT50 list; as-of 2026-10-10"
"Review of Finance","2026 updated","not individually checked","0","Not systematically screened; do NOT interpret as zero papers","2026 FT50 list; as-of 2026-10-10"
"Review of Financial Studies","2026 updated","4*","2","Curated examples; not exhaustive","2026 FT50 list; as-of 2026-10-10"
"Strategic Entrepreneurship Journal","2026 updated","not individually checked","0","Not systematically screened; do NOT interpret as zero papers","2026 FT50 list; as-of 2026-10-10"
"Strategic Management Journal","2026 updated","4*","1","Curated examples; not exhaustive","2026 FT50 list; as-of 2026-10-10"
